n_repeats,n_split,DesisionTreeRegressor_mse,SVR_mse,KNeighborsRegressor_mse,MLPRegressor_mse
0,0,0.5366302390801687,0.3101147889709212,0.3416604662610591,1.2373743539027209
0,1,0.5237313099799547,0.3260534657211705,0.49470205810673534,0.636685486663341
0,2,0.5423324517107676,0.38745168748784153,0.4401003411420272,1.2443547115073899
0,3,0.5027506524193421,0.32220052426636203,0.49517475127173793,0.6574346293158654
0,4,0.6039250518585887,0.4177098918941251,0.5106202781166117,0.5291493936346108
1,0,0.5366302390801687,0.3101147889709212,0.3416604662610591,0.427760160346331
1,1,0.5237313099799544,0.3260534657211705,0.49470205810673534,0.4293089154311182
1,2,0.5423324517107676,0.38745168748784153,0.4401003411420272,8.927773158146321
1,3,0.502750652419342,0.32220052426636203,0.49517475127173793,0.4535183724807479
1,4,0.6032648025512883,0.4177098918941251,0.5106202781166117,0.6689375466463033
2,0,0.5366302390801685,0.3101147889709212,0.3416604662610591,0.8703261543184037
2,1,0.512178788908975,0.3260534657211705,0.49470205810673534,0.5650124265444836
2,2,0.5423324517107677,0.38745168748784153,0.4401003411420272,1.0876937453646924
2,3,0.5027506524193421,0.32220052426636203,0.49517475127173793,0.576140125802786
2,4,0.6039250518585889,0.4177098918941251,0.5106202781166117,0.5186216403146248
3,0,0.5366302390801687,0.3101147889709212,0.3416604662610591,3.0666377757850722
3,1,0.5121787889089747,0.3260534657211705,0.49470205810673534,0.4102039050618073
3,2,0.5492037699343016,0.38745168748784153,0.4401003411420272,1.1006539180541774
3,3,0.502750652419342,0.32220052426636203,0.49517475127173793,0.438041638030423
3,4,0.6032648025512881,0.4177098918941251,0.5106202781166117,0.45455896166242465
4,0,0.5366302390801687,0.3101147889709212,0.3416604662610591,2.0316432504970017
4,1,0.5237313099799547,0.3260534657211705,0.49470205810673534,0.40478178895164274
4,2,0.5423324517107676,0.38745168748784153,0.4401003411420272,0.8499453191908469
4,3,0.5027506524193421,0.32220052426636203,0.49517475127173793,0.6090103805827787
4,4,0.6032648025512881,0.4177098918941251,0.5106202781166117,0.6556398124827341
5,0,0.5366302390801688,0.3101147889709212,0.3416604662610591,1.9792166543031302
5,1,0.5237313099799547,0.3260534657211705,0.49470205810673534,0.6016028339065346
5,2,0.5492037699343015,0.38745168748784153,0.4401003411420272,5.285664562092785
5,3,0.502750652419342,0.32220052426636203,0.49517475127173793,0.5643403441920539
5,4,0.6039250518585887,0.4177098918941251,0.5106202781166117,0.5316161758531195
6,0,0.5366302390801688,0.3101147889709212,0.3416604662610591,0.9494391345000772
6,1,0.5237313099799548,0.3260534657211705,0.49470205810673534,0.646157310941551
6,2,0.5423324517107677,0.38745168748784153,0.4401003411420272,8.798898414365878
6,3,0.502750652419342,0.32220052426636203,0.49517475127173793,0.5428919022451906
6,4,0.6032648025512881,0.4177098918941251,0.5106202781166117,0.6115637551538684
7,0,0.5366302390801687,0.3101147889709212,0.3416604662610591,1.291828411575603
7,1,0.5121787889089748,0.3260534657211705,0.49470205810673534,0.5396847650821007
7,2,0.5423324517107676,0.38745168748784153,0.4401003411420272,1.6118761403134618
7,3,0.5027506524193421,0.32220052426636203,0.49517475127173793,0.5531226050484757
7,4,0.6039250518585886,0.4177098918941251,0.5106202781166117,0.6753101293685698
8,0,0.5366302390801689,0.3101147889709212,0.3416604662610591,1.1601583766661745
8,1,0.5237313099799547,0.3260534657211705,0.49470205810673534,0.47460269406969713
8,2,0.5423324517107679,0.38745168748784153,0.4401003411420272,3.6043139641269475
8,3,0.5027506524193421,0.32220052426636203,0.49517475127173793,0.6250891693110312
8,4,0.6039250518585886,0.4177098918941251,0.5106202781166117,0.7036361292136394
9,0,0.5366302390801687,0.3101147889709212,0.3416604662610591,0.5716937771730751
9,1,0.5237313099799547,0.3260534657211705,0.49470205810673534,0.4548853297410351
9,2,0.5423324517107677,0.38745168748784153,0.4401003411420272,0.9535789906905313
9,3,0.502750652419342,0.32220052426636203,0.49517475127173793,0.5611244420930251
9,4,0.6032648025512881,0.4177098918941251,0.5106202781166117,0.4538636622901415
10,0,0.5366302390801688,0.3101147889709212,0.3416604662610591,1.4500716803411278
10,1,0.5121787889089746,0.3260534657211705,0.49470205810673534,0.5113062009650429
10,2,0.5423324517107677,0.38745168748784153,0.4401003411420272,0.7641799465616779
10,3,0.5027506524193419,0.32220052426636203,0.49517475127173793,0.5430582857524169
10,4,0.6039250518585888,0.4177098918941251,0.5106202781166117,0.49596821286572407
11,0,0.5366302390801687,0.3101147889709212,0.3416604662610591,0.7027992310471354
11,1,0.5237313099799545,0.3260534657211705,0.49470205810673534,0.6060168640436122
11,2,0.5423324517107677,0.38745168748784153,0.4401003411420272,0.6214312787952136
11,3,0.5027506524193422,0.32220052426636203,0.49517475127173793,0.5354223546671811
11,4,0.6032648025512881,0.4177098918941251,0.5106202781166117,0.6724317676221352
12,0,0.5366302390801688,0.3101147889709212,0.3416604662610591,3.4818434086704384
12,1,0.5237313099799547,0.3260534657211705,0.49470205810673534,0.49077883710418374
12,2,0.5423324517107676,0.38745168748784153,0.4401003411420272,2.3831149930233253
12,3,0.5027506524193421,0.32220052426636203,0.49517475127173793,0.47365590404892793
12,4,0.6039250518585887,0.4177098918941251,0.5106202781166117,0.4555475186802104
13,0,0.5366302390801687,0.3101147889709212,0.3416604662610591,0.655551532461395
13,1,0.5121787889089747,0.3260534657211705,0.49470205810673534,0.4132542163594686
13,2,0.5423324517107679,0.38745168748784153,0.4401003411420272,0.6522392306176502
13,3,0.5027506524193421,0.32220052426636203,0.49517475127173793,0.6376689382375608
13,4,0.6039250518585888,0.4177098918941251,0.5106202781166117,0.6231674359768641
14,0,0.5366302390801688,0.3101147889709212,0.3416604662610591,0.940808721574991
14,1,0.5237313099799547,0.3260534657211705,0.49470205810673534,0.554800073185019
14,2,0.5492037699343014,0.38745168748784153,0.4401003411420272,7.979591637429149
14,3,0.5027506524193421,0.32220052426636203,0.49517475127173793,0.51179048044572
14,4,0.6032648025512881,0.4177098918941251,0.5106202781166117,0.49471478106770883
15,0,0.5366302390801687,0.3101147889709212,0.3416604662610591,2.814938306702036
15,1,0.5237313099799547,0.3260534657211705,0.49470205810673534,0.6040790204805685
15,2,0.5423324517107677,0.38745168748784153,0.4401003411420272,0.8894642587797492
15,3,0.5027506524193424,0.32220052426636203,0.49517475127173793,0.5664419334785407
15,4,0.6039250518585886,0.4177098918941251,0.5106202781166117,0.6160758141192854
16,0,0.5366302390801685,0.3101147889709212,0.3416604662610591,0.7003811425239853
16,1,0.5121787889089746,0.3260534657211705,0.49470205810673534,0.5526347136844048
16,2,0.556222264839502,0.38745168748784153,0.4401003411420272,13.930149819793831
16,3,0.5027506524193422,0.32220052426636203,0.49517475127173793,0.5998672410050917
16,4,0.6032648025512881,0.4177098918941251,0.5106202781166117,0.6072155050893454
17,0,0.5366302390801685,0.3101147889709212,0.3416604662610591,1.1679807264913873
17,1,0.5237313099799548,0.3260534657211705,0.49470205810673534,0.6454505535123947
17,2,0.5423324517107677,0.38745168748784153,0.4401003411420272,1.1616066660049387
17,3,0.5027506524193419,0.32220052426636203,0.49517475127173793,0.475992010411453
17,4,0.6032648025512884,0.4177098918941251,0.5106202781166117,0.7256368574039849
18,0,0.5366302390801687,0.3101147889709212,0.3416604662610591,1.043576720401896
18,1,0.5237313099799548,0.3260534657211705,0.49470205810673534,0.46540352264641
18,2,0.556222264839502,0.38745168748784153,0.4401003411420272,2.6750032608995142
18,3,0.5027506524193424,0.32220052426636203,0.49517475127173793,0.5670316757082444
18,4,0.6032648025512881,0.4177098918941251,0.5106202781166117,0.5404652935950487
19,0,0.5366302390801687,0.3101147889709212,0.3416604662610591,1.9822801610068013
19,1,0.5237313099799547,0.3260534657211705,0.49470205810673534,0.4622166684973788
19,2,0.5630935830630358,0.38745168748784153,0.4401003411420272,3.2613370481571713
19,3,0.5027506524193417,0.32220052426636203,0.49517475127173793,0.589581633367437
19,4,0.6039250518585887,0.4177098918941251,0.5106202781166117,0.5429716682939972
20,0,0.5366302390801686,0.3101147889709212,0.3416604662610591,2.0551426244671056
20,1,0.5237313099799548,0.3260534657211705,0.49470205810673534,0.5712671222576061
20,2,0.5492037699343016,0.38745168748784153,0.4401003411420272,1.576591953854184
20,3,0.5027506524193419,0.32220052426636203,0.49517475127173793,0.5029530600393027
20,4,0.6039250518585887,0.4177098918941251,0.5106202781166117,0.6072038393296452
21,0,0.5366302390801685,0.3101147889709212,0.3416604662610591,0.9664790946446737
21,1,0.5237313099799545,0.3260534657211705,0.49470205810673534,0.40032185501595885
21,2,0.5492037699343014,0.38745168748784153,0.4401003411420272,0.6547925502819105
21,3,0.502750652419342,0.32220052426636203,0.49517475127173793,0.5065701699785868
21,4,0.6032648025512881,0.4177098918941251,0.5106202781166117,0.6340682549717491
22,0,0.5366302390801687,0.3101147889709212,0.3416604662610591,0.34917590270540333
22,1,0.5237313099799548,0.3260534657211705,0.49470205810673534,0.4519706135771902
22,2,0.5423324517107677,0.38745168748784153,0.4401003411420272,0.9863241576002492
22,3,0.5027506524193422,0.32220052426636203,0.49517475127173793,0.5926145951823404
22,4,0.6039250518585887,0.4177098918941251,0.5106202781166117,0.6992437680622688
23,0,0.5366302390801689,0.3101147889709212,0.3416604662610591,1.5971243807866187
23,1,0.5121787889089747,0.3260534657211705,0.49470205810673534,0.5187353975451023
23,2,0.5630935830630358,0.38745168748784153,0.4401003411420272,7.823623374991422
23,3,0.5027506524193421,0.32220052426636203,0.49517475127173793,0.5182133133964509
23,4,0.6039250518585887,0.4177098918941251,0.5106202781166117,0.6262494741041923
24,0,0.5366302390801686,0.3101147889709212,0.3416604662610591,2.3899145741263976
24,1,0.5237313099799547,0.3260534657211705,0.49470205810673534,0.42449635678336606
24,2,0.5423324517107677,0.38745168748784153,0.4401003411420272,1.110784744461475
24,3,0.5027506524193421,0.32220052426636203,0.49517475127173793,0.5273027526616357
24,4,0.6039250518585888,0.4177098918941251,0.5106202781166117,0.4666951921043098
25,0,0.5366302390801686,0.3101147889709212,0.3416604662610591,1.4408186303412032
25,1,0.5121787889089748,0.3260534657211705,0.49470205810673534,0.42104691384518717
25,2,0.5562222648395021,0.38745168748784153,0.4401003411420272,2.3632052862639825
25,3,0.502750652419342,0.32220052426636203,0.49517475127173793,0.5890480487072288
25,4,0.603264802551288,0.4177098918941251,0.5106202781166117,0.595130479105867
26,0,0.5366302390801686,0.3101147889709212,0.3416604662610591,1.4229876325500204
26,1,0.5121787889089751,0.3260534657211705,0.49470205810673534,0.6386555328123397
26,2,0.5630935830630359,0.38745168748784153,0.4401003411420272,1.004689684870395
26,3,0.502750652419342,0.32220052426636203,0.49517475127173793,0.5448767893457632
26,4,0.6032648025512881,0.4177098918941251,0.5106202781166117,0.5536879631359697
27,0,0.5366302390801686,0.3101147889709212,0.3416604662610591,0.9032595499271062
27,1,0.5237313099799547,0.3260534657211705,0.49470205810673534,0.4728650875335135
27,2,0.5630935830630357,0.38745168748784153,0.4401003411420272,1.4153195554785227
27,3,0.502750652419342,0.32220052426636203,0.49517475127173793,0.6174067402215618
27,4,0.6032648025512882,0.4177098918941251,0.5106202781166117,0.6140808686896538
28,0,0.5366302390801688,0.3101147889709212,0.3416604662610591,3.6624889088521666
28,1,0.512178788908975,0.3260534657211705,0.49470205810673534,0.3611298490507729
28,2,0.5492037699343015,0.38745168748784153,0.4401003411420272,3.9925794319502446
28,3,0.5027506524193422,0.32220052426636203,0.49517475127173793,0.6286544765673496
28,4,0.6032648025512881,0.4177098918941251,0.5106202781166117,0.5196561330947705
29,0,0.5366302390801686,0.3101147889709212,0.3416604662610591,0.6696448724640738
29,1,0.5121787889089748,0.3260534657211705,0.49470205810673534,0.4456866832372022
29,2,0.5423324517107679,0.38745168748784153,0.4401003411420272,1.3244819896764752
29,3,0.5027506524193421,0.32220052426636203,0.49517475127173793,0.5631496417910199
29,4,0.6032648025512881,0.4177098918941251,0.5106202781166117,0.518891635260436
30,0,0.5366302390801688,0.3101147889709212,0.3416604662610591,0.5911488293023751
30,1,0.5237313099799548,0.3260534657211705,0.49470205810673534,0.45221619309718103
30,2,0.5423324517107677,0.38745168748784153,0.4401003411420272,12.332179109414712
30,3,0.5027506524193417,0.32220052426636203,0.49517475127173793,0.46693453104059957
30,4,0.6039250518585887,0.4177098918941251,0.5106202781166117,0.6157964662171623
31,0,0.5366302390801687,0.3101147889709212,0.3416604662610591,0.6575710595982005
31,1,0.5121787889089746,0.3260534657211705,0.49470205810673534,0.4308616953294972
31,2,0.5423324517107676,0.38745168748784153,0.4401003411420272,9.246527986086893
31,3,0.5027506524193419,0.32220052426636203,0.49517475127173793,0.45840681860113164
31,4,0.6039250518585887,0.4177098918941251,0.5106202781166117,0.7425770372470814
32,0,0.5366302390801689,0.3101147889709212,0.3416604662610591,2.062879554134055
32,1,0.512178788908975,0.3260534657211705,0.49470205810673534,0.45285988753009276
32,2,0.5423324517107679,0.38745168748784153,0.4401003411420272,1.73712368907167
32,3,0.502750652419342,0.32220052426636203,0.49517475127173793,0.6450314216140653
32,4,0.6039250518585884,0.4177098918941251,0.5106202781166117,0.5007059567445357
33,0,0.5366302390801686,0.3101147889709212,0.3416604662610591,0.7855991520329119
33,1,0.5237313099799544,0.3260534657211705,0.49470205810673534,0.5126622269847175
33,2,0.5492037699343015,0.38745168748784153,0.4401003411420272,2.1187255039443205
33,3,0.5027506524193417,0.32220052426636203,0.49517475127173793,0.7035016813577826
33,4,0.6039250518585885,0.4177098918941251,0.5106202781166117,0.6768222999726718
34,0,0.5366302390801688,0.3101147889709212,0.3416604662610591,0.9248328512986957
34,1,0.5237313099799547,0.3260534657211705,0.49470205810673534,0.6049107762593726
34,2,0.5423324517107677,0.38745168748784153,0.4401003411420272,13.52800877818121
34,3,0.502750652419342,0.32220052426636203,0.49517475127173793,0.5174313557384015
34,4,0.6039250518585885,0.4177098918941251,0.5106202781166117,0.7913993140137429
35,0,0.5366302390801687,0.3101147889709212,0.3416604662610591,1.528335638606716
35,1,0.512178788908975,0.3260534657211705,0.49470205810673534,0.6020901403148504
35,2,0.5423324517107679,0.38745168748784153,0.4401003411420272,0.5903717611458269
35,3,0.5027506524193421,0.32220052426636203,0.49517475127173793,0.46457157764559764
35,4,0.6039250518585887,0.4177098918941251,0.5106202781166117,0.6592583993134888
36,0,0.5366302390801685,0.3101147889709212,0.3416604662610591,0.9886536642195658
36,1,0.5237313099799545,0.3260534657211705,0.49470205810673534,0.4577258567477954
36,2,0.556222264839502,0.38745168748784153,0.4401003411420272,0.8884666452813659
36,3,0.5027506524193422,0.32220052426636203,0.49517475127173793,0.5644595985802688
36,4,0.6039250518585886,0.4177098918941251,0.5106202781166117,0.5573719486895726
37,0,0.5366302390801686,0.3101147889709212,0.3416604662610591,0.7556018824112986
37,1,0.5237313099799545,0.3260534657211705,0.49470205810673534,0.5807166547138017
37,2,0.5562222648395018,0.38745168748784153,0.4401003411420272,2.4650389696891084
37,3,0.5027506524193421,0.32220052426636203,0.49517475127173793,0.6416295907530778
37,4,0.6032648025512881,0.4177098918941251,0.5106202781166117,0.6487318972244206
38,0,0.5366302390801687,0.3101147889709212,0.3416604662610591,1.0459856958443532
38,1,0.5121787889089748,0.3260534657211705,0.49470205810673534,0.4646984578152771
38,2,0.5423324517107679,0.38745168748784153,0.4401003411420272,1.483696452675143
38,3,0.5027506524193419,0.32220052426636203,0.49517475127173793,0.6249143127071575
38,4,0.6032648025512881,0.4177098918941251,0.5106202781166117,0.5923387297372734
39,0,0.5366302390801687,0.3101147889709212,0.3416604662610591,3.6008704665500546
39,1,0.5237313099799545,0.3260534657211705,0.49470205810673534,0.465106966956359
39,2,0.5562222648395021,0.38745168748784153,0.4401003411420272,1.0889356975688422
39,3,0.502750652419342,0.32220052426636203,0.49517475127173793,0.701060403138331
39,4,0.6032648025512882,0.4177098918941251,0.5106202781166117,0.6850212616575482
40,0,0.5366302390801685,0.3101147889709212,0.3416604662610591,0.8852841836282158
40,1,0.5121787889089748,0.3260534657211705,0.49470205810673534,0.4752963120945555
40,2,0.5562222648395019,0.38745168748784153,0.4401003411420272,5.574411550961148
40,3,0.5027506524193422,0.32220052426636203,0.49517475127173793,0.5147477973371851
40,4,0.6039250518585887,0.4177098918941251,0.5106202781166117,0.5455400923492947
41,0,0.5366302390801689,0.3101147889709212,0.3416604662610591,0.6492231966176137
41,1,0.5237313099799548,0.3260534657211705,0.49470205810673534,0.6168421596111241
41,2,0.5492037699343016,0.38745168748784153,0.4401003411420272,0.8092486334233407
41,3,0.5027506524193421,0.32220052426636203,0.49517475127173793,0.5280826100317535
41,4,0.6032648025512881,0.4177098918941251,0.5106202781166117,0.5009216707037882
42,0,0.5366302390801687,0.3101147889709212,0.3416604662610591,1.0729056720002372
42,1,0.5237313099799548,0.3260534657211705,0.49470205810673534,0.46032855826933733
42,2,0.5492037699343015,0.38745168748784153,0.4401003411420272,2.524178932827041
42,3,0.502750652419342,0.32220052426636203,0.49517475127173793,0.4775184892911261
42,4,0.6032648025512881,0.4177098918941251,0.5106202781166117,0.6808452782008017
43,0,0.5366302390801687,0.3101147889709212,0.3416604662610591,1.999357875043063
43,1,0.5121787889089747,0.3260534657211705,0.49470205810673534,0.4946768191681141
43,2,0.5492037699343015,0.38745168748784153,0.4401003411420272,2.3897609032608353
43,3,0.502750652419342,0.32220052426636203,0.49517475127173793,0.5961687338600918
43,4,0.6039250518585887,0.4177098918941251,0.5106202781166117,0.583958621523486
44,0,0.5366302390801687,0.3101147889709212,0.3416604662610591,1.0793822806900197
44,1,0.5237313099799545,0.3260534657211705,0.49470205810673534,0.4387554675802823
44,2,0.5423324517107677,0.38745168748784153,0.4401003411420272,1.5017127346835735
44,3,0.502750652419342,0.32220052426636203,0.49517475127173793,0.5762132641107405
44,4,0.6039250518585888,0.4177098918941251,0.5106202781166117,0.5510665931139864
45,0,0.5366302390801685,0.3101147889709212,0.3416604662610591,0.5473974287240244
45,1,0.5237313099799548,0.3260534657211705,0.49470205810673534,0.4924877233876841
45,2,0.5423324517107677,0.38745168748784153,0.4401003411420272,0.8924403773641013
45,3,0.5027506524193422,0.32220052426636203,0.49517475127173793,0.4605225956966395
45,4,0.6039250518585886,0.4177098918941251,0.5106202781166117,0.5111555899693212
46,0,0.5366302390801687,0.3101147889709212,0.3416604662610591,1.538054084015202
46,1,0.5237313099799547,0.3260534657211705,0.49470205810673534,0.4265277048924238
46,2,0.5492037699343016,0.38745168748784153,0.4401003411420272,0.8028753830180608
46,3,0.502750652419342,0.32220052426636203,0.49517475127173793,0.43569688217733166
46,4,0.6032648025512883,0.4177098918941251,0.5106202781166117,0.48350059386464694
47,0,0.5366302390801687,0.3101147889709212,0.3416604662610591,0.607770508231101
47,1,0.5121787889089748,0.3260534657211705,0.49470205810673534,0.41351609506822645
47,2,0.5423324517107679,0.38745168748784153,0.4401003411420272,26.112411806129703
47,3,0.502750652419342,0.32220052426636203,0.49517475127173793,0.6332608053460801
47,4,0.6032648025512883,0.4177098918941251,0.5106202781166117,0.7086555683571956
48,0,0.5366302390801688,0.3101147889709212,0.3416604662610591,1.6833345663079071
48,1,0.512178788908975,0.3260534657211705,0.49470205810673534,0.4439985454312523
48,2,0.5423324517107678,0.38745168748784153,0.4401003411420272,1.0668788544164636
48,3,0.502750652419342,0.32220052426636203,0.49517475127173793,0.6949551419623958
48,4,0.6032648025512883,0.4177098918941251,0.5106202781166117,0.6392013132028969
49,0,0.5366302390801684,0.3101147889709212,0.3416604662610591,0.4342678344350259
49,1,0.5121787889089748,0.3260534657211705,0.49470205810673534,0.5253372936768734
49,2,0.5423324517107677,0.38745168748784153,0.4401003411420272,1.2637768718282403
49,3,0.502750652419342,0.32220052426636203,0.49517475127173793,0.5062484592414929
49,4,0.6039250518585889,0.4177098918941251,0.5106202781166117,0.6016067301920033
50,0,0.5366302390801687,0.3101147889709212,0.3416604662610591,1.5814088111667841
50,1,0.5121787889089747,0.3260534657211705,0.49470205810673534,0.5866930981945305
50,2,0.5562222648395021,0.38745168748784153,0.4401003411420272,2.540424059834817
50,3,0.502750652419342,0.32220052426636203,0.49517475127173793,0.5592904881331086
50,4,0.6032648025512879,0.4177098918941251,0.5106202781166117,0.6764414443158624
51,0,0.5366302390801685,0.3101147889709212,0.3416604662610591,3.146161585251859
51,1,0.5121787889089746,0.3260534657211705,0.49470205810673534,0.47413509301718976
51,2,0.5423324517107677,0.38745168748784153,0.4401003411420272,0.5318448160472845
51,3,0.5027506524193422,0.32220052426636203,0.49517475127173793,0.5074128467499439
51,4,0.6032648025512881,0.4177098918941251,0.5106202781166117,0.511627074100411
52,0,0.5366302390801687,0.3101147889709212,0.3416604662610591,0.6550287143779926
52,1,0.5237313099799547,0.3260534657211705,0.49470205810673534,0.4580056941877642
52,2,0.5562222648395021,0.38745168748784153,0.4401003411420272,8.295048861342446
52,3,0.5027506524193422,0.32220052426636203,0.49517475127173793,0.6340840390991506
52,4,0.603264802551288,0.4177098918941251,0.5106202781166117,0.5756494252633975
53,0,0.5366302390801687,0.3101147889709212,0.3416604662610591,0.428525649323091
53,1,0.5121787889089747,0.3260534657211705,0.49470205810673534,0.43945663962455245
53,2,0.5423324517107677,0.38745168748784153,0.4401003411420272,1.2089233497808878
53,3,0.502750652419342,0.32220052426636203,0.49517475127173793,0.42041478713217556
53,4,0.6039250518585886,0.4177098918941251,0.5106202781166117,0.5895059202765842
54,0,0.5366302390801685,0.3101147889709212,0.3416604662610591,1.1757223397076937
54,1,0.5121787889089748,0.3260534657211705,0.49470205810673534,0.4726077117559344
54,2,0.5492037699343014,0.38745168748784153,0.4401003411420272,3.727316971692093
54,3,0.502750652419342,0.32220052426636203,0.49517475127173793,1.0528665677752926
54,4,0.6039250518585887,0.4177098918941251,0.5106202781166117,0.4406840000258779
55,0,0.5366302390801685,0.3101147889709212,0.3416604662610591,1.574851518896807
55,1,0.5237313099799548,0.3260534657211705,0.49470205810673534,0.42247464456728145
55,2,0.5423324517107677,0.38745168748784153,0.4401003411420272,6.402275488708754
55,3,0.502750652419342,0.32220052426636203,0.49517475127173793,0.5897934943639808
55,4,0.6032648025512881,0.4177098918941251,0.5106202781166117,0.5269145606504071
56,0,0.5366302390801688,0.3101147889709212,0.3416604662610591,3.2853892593810103
56,1,0.5121787889089746,0.3260534657211705,0.49470205810673534,0.5175899155979188
56,2,0.5423324517107676,0.38745168748784153,0.4401003411420272,0.6226508309566061
56,3,0.5027506524193421,0.32220052426636203,0.49517475127173793,0.6090463677157224
56,4,0.6032648025512881,0.4177098918941251,0.5106202781166117,0.4527057903498452
57,0,0.5366302390801686,0.3101147889709212,0.3416604662610591,0.9127059377358557
57,1,0.5237313099799547,0.3260534657211705,0.49470205810673534,0.5317137496335588
57,2,0.5492037699343015,0.38745168748784153,0.4401003411420272,1.5138584156171573
57,3,0.5027506524193425,0.32220052426636203,0.49517475127173793,0.5294989749577663
57,4,0.6039250518585888,0.4177098918941251,0.5106202781166117,0.47016078735951583
58,0,0.5366302390801687,0.3101147889709212,0.3416604662610591,1.2713289420124307
58,1,0.5237313099799548,0.3260534657211705,0.49470205810673534,0.5178066259619463
58,2,0.5423324517107676,0.38745168748784153,0.4401003411420272,0.6214836324692389
58,3,0.5027506524193419,0.32220052426636203,0.49517475127173793,0.49059894628770223
58,4,0.6039250518585887,0.4177098918941251,0.5106202781166117,0.5958970814952422
59,0,0.5366302390801687,0.3101147889709212,0.3416604662610591,1.5671324430150693
59,1,0.5237313099799547,0.3260534657211705,0.49470205810673534,0.5698201417659895
59,2,0.5492037699343014,0.38745168748784153,0.4401003411420272,0.8357847835342261
59,3,0.502750652419342,0.32220052426636203,0.49517475127173793,0.5163213405012947
59,4,0.6039250518585888,0.4177098918941251,0.5106202781166117,0.6882986159238896
60,0,0.5366302390801687,0.3101147889709212,0.3416604662610591,0.4645332822525329
60,1,0.5121787889089748,0.3260534657211705,0.49470205810673534,0.487283908095513
60,2,0.556222264839502,0.38745168748784153,0.4401003411420272,0.8006008991067918
60,3,0.502750652419342,0.32220052426636203,0.49517475127173793,0.5035255186061207
60,4,0.6039250518585887,0.4177098918941251,0.5106202781166117,0.4895036961051777
61,0,0.5366302390801687,0.3101147889709212,0.3416604662610591,1.2818791202431439
61,1,0.5237313099799547,0.3260534657211705,0.49470205810673534,0.49671592003045634
61,2,0.5423324517107677,0.38745168748784153,0.4401003411420272,3.8921785949827163
61,3,0.502750652419342,0.32220052426636203,0.49517475127173793,0.779632256824833
61,4,0.6039250518585885,0.4177098918941251,0.5106202781166117,0.5748640654485159
62,0,0.5366302390801685,0.3101147889709212,0.3416604662610591,2.0951895029420444
62,1,0.5121787889089748,0.3260534657211705,0.49470205810673534,0.4262158595198844
62,2,0.5630935830630357,0.38745168748784153,0.4401003411420272,0.8966482445106055
62,3,0.5027506524193422,0.32220052426636203,0.49517475127173793,0.49402081514614593
62,4,0.6039250518585885,0.4177098918941251,0.5106202781166117,0.6988553408927046
63,0,0.5366302390801685,0.3101147889709212,0.3416604662610591,1.6733093296831334
63,1,0.5237313099799548,0.3260534657211705,0.49470205810673534,0.538030284688578
63,2,0.5423324517107675,0.38745168748784153,0.4401003411420272,0.8139962698289593
63,3,0.502750652419342,0.32220052426636203,0.49517475127173793,0.4771603392620435
63,4,0.6032648025512881,0.4177098918941251,0.5106202781166117,0.7418389757017405
64,0,0.5366302390801685,0.3101147889709212,0.3416604662610591,1.0928049337660375
64,1,0.5121787889089747,0.3260534657211705,0.49470205810673534,0.4744873340163825
64,2,0.5492037699343016,0.38745168748784153,0.4401003411420272,0.8896406826764305
64,3,0.5027506524193421,0.32220052426636203,0.49517475127173793,0.6212087910420714
64,4,0.6039250518585887,0.4177098918941251,0.5106202781166117,0.7037572826285122
65,0,0.5366302390801687,0.3101147889709212,0.3416604662610591,4.000127915751006
65,1,0.5237313099799547,0.3260534657211705,0.49470205810673534,0.5493673854466828
65,2,0.5492037699343015,0.38745168748784153,0.4401003411420272,2.7368725531680593
65,3,0.5027506524193422,0.32220052426636203,0.49517475127173793,0.48973859712869827
65,4,0.6039250518585887,0.4177098918941251,0.5106202781166117,0.5700966127046472
66,0,0.5366302390801687,0.3101147889709212,0.3416604662610591,2.116353502155393
66,1,0.5237313099799548,0.3260534657211705,0.49470205810673534,0.576584878758676
66,2,0.5492037699343014,0.38745168748784153,0.4401003411420272,1.6031599438093247
66,3,0.5027506524193422,0.32220052426636203,0.49517475127173793,0.5049297090624608
66,4,0.6039250518585886,0.4177098918941251,0.5106202781166117,0.6251066719503777
67,0,0.5366302390801687,0.3101147889709212,0.3416604662610591,0.9452277909718219
67,1,0.5121787889089746,0.3260534657211705,0.49470205810673534,0.5664974213665535
67,2,0.5423324517107676,0.38745168748784153,0.4401003411420272,2.183598827300667
67,3,0.502750652419342,0.32220052426636203,0.49517475127173793,0.5153602064286169
67,4,0.6039250518585888,0.4177098918941251,0.5106202781166117,0.5568280295018768
68,0,0.5366302390801685,0.3101147889709212,0.3416604662610591,0.8759662101894861
68,1,0.5121787889089748,0.3260534657211705,0.49470205810673534,0.46953218727711965
68,2,0.5562222648395021,0.38745168748784153,0.4401003411420272,0.9001075381760564
68,3,0.502750652419342,0.32220052426636203,0.49517475127173793,0.4854178055848917
68,4,0.6039250518585888,0.4177098918941251,0.5106202781166117,0.5241759255897235
69,0,0.5366302390801687,0.3101147889709212,0.3416604662610591,1.7460291673490773
69,1,0.5237313099799547,0.3260534657211705,0.49470205810673534,0.6137076024898709
69,2,0.5492037699343015,0.38745168748784153,0.4401003411420272,2.951692205531951
69,3,0.5027506524193421,0.32220052426636203,0.49517475127173793,0.6200300803436818
69,4,0.6032648025512882,0.4177098918941251,0.5106202781166117,0.5907787316289931
70,0,0.5366302390801686,0.3101147889709212,0.3416604662610591,0.9573728846999203
70,1,0.5121787889089746,0.3260534657211705,0.49470205810673534,0.6008198132568078
70,2,0.5630935830630358,0.38745168748784153,0.4401003411420272,0.8693312046760764
70,3,0.5027506524193421,0.32220052426636203,0.49517475127173793,0.4882817479930894
70,4,0.603264802551288,0.4177098918941251,0.5106202781166117,0.5353339692966216
71,0,0.5366302390801687,0.3101147889709212,0.3416604662610591,0.5249741205963402
71,1,0.5237313099799547,0.3260534657211705,0.49470205810673534,0.49078191693803314
71,2,0.556222264839502,0.38745168748784153,0.4401003411420272,1.420760580793635
71,3,0.5027506524193417,0.32220052426636203,0.49517475127173793,0.5138747824883427
71,4,0.6032648025512882,0.4177098918941251,0.5106202781166117,0.5326842117568228
72,0,0.5366302390801686,0.3101147889709212,0.3416604662610591,3.875483415258282
72,1,0.5121787889089747,0.3260534657211705,0.49470205810673534,0.4734761410343839
72,2,0.5423324517107679,0.38745168748784153,0.4401003411420272,0.7414409002695385
72,3,0.5027506524193421,0.32220052426636203,0.49517475127173793,0.45196767032137325
72,4,0.6032648025512883,0.4177098918941251,0.5106202781166117,0.8016753855757284
73,0,0.5366302390801687,0.3101147889709212,0.3416604662610591,1.8545962694524716
73,1,0.5237313099799548,0.3260534657211705,0.49470205810673534,0.4695871310426592
73,2,0.5423324517107677,0.38745168748784153,0.4401003411420272,4.800203535658214
73,3,0.502750652419342,0.32220052426636203,0.49517475127173793,0.4930920982416697
73,4,0.6032648025512881,0.4177098918941251,0.5106202781166117,0.5773324439104681
74,0,0.5366302390801687,0.3101147889709212,0.3416604662610591,0.4107467158149649
74,1,0.5237313099799548,0.3260534657211705,0.49470205810673534,0.6040673479990695
74,2,0.556222264839502,0.38745168748784153,0.4401003411420272,0.9061282608422485
74,3,0.5027506524193419,0.32220052426636203,0.49517475127173793,0.5487177738486584
74,4,0.6039250518585887,0.4177098918941251,0.5106202781166117,0.6927602844719949
75,0,0.5366302390801685,0.3101147889709212,0.3416604662610591,0.6908833625673028
75,1,0.5237313099799548,0.3260534657211705,0.49470205810673534,0.5797250228429348
75,2,0.5423324517107676,0.38745168748784153,0.4401003411420272,1.551943720286227
75,3,0.502750652419342,0.32220052426636203,0.49517475127173793,0.42057779271311413
75,4,0.6032648025512884,0.4177098918941251,0.5106202781166117,0.6645222010035803
76,0,0.5366302390801689,0.3101147889709212,0.3416604662610591,1.6066692044228414
76,1,0.5237313099799548,0.3260534657211705,0.49470205810673534,0.7269313668484005
76,2,0.5562222648395021,0.38745168748784153,0.4401003411420272,1.4073108935064085
76,3,0.502750652419342,0.32220052426636203,0.49517475127173793,0.6193434760908337
76,4,0.6032648025512883,0.4177098918941251,0.5106202781166117,0.5627994294453076
77,0,0.5366302390801686,0.3101147889709212,0.3416604662610591,0.5729000907524724
77,1,0.5237313099799547,0.3260534657211705,0.49470205810673534,0.46677493054785374
77,2,0.5492037699343015,0.38745168748784153,0.4401003411420272,2.6420115631678835
77,3,0.5027506524193419,0.32220052426636203,0.49517475127173793,0.5235264643263826
77,4,0.603264802551288,0.4177098918941251,0.5106202781166117,0.6935535724325476
78,0,0.5366302390801687,0.3101147889709212,0.3416604662610591,1.3783787286135425
78,1,0.5237313099799547,0.3260534657211705,0.49470205810673534,0.47550641663666954
78,2,0.5492037699343016,0.38745168748784153,0.4401003411420272,5.861740031390939
78,3,0.502750652419342,0.32220052426636203,0.49517475127173793,0.47411381621916354
78,4,0.6032648025512881,0.4177098918941251,0.5106202781166117,0.5534311819390518
79,0,0.5366302390801685,0.3101147889709212,0.3416604662610591,1.1097762726586842
79,1,0.5121787889089746,0.3260534657211705,0.49470205810673534,0.47880576613879033
79,2,0.5492037699343016,0.38745168748784153,0.4401003411420272,4.8089825530105585
79,3,0.5027506524193422,0.32220052426636203,0.49517475127173793,0.5108036192123018
79,4,0.6039250518585886,0.4177098918941251,0.5106202781166117,0.47307023164560147
80,0,0.5366302390801688,0.3101147889709212,0.3416604662610591,0.818107638064204
80,1,0.5237313099799547,0.3260534657211705,0.49470205810673534,0.4779410157561204
80,2,0.5423324517107678,0.38745168748784153,0.4401003411420272,1.0825766013118283
80,3,0.5027506524193421,0.32220052426636203,0.49517475127173793,0.5373838931803341
80,4,0.6039250518585888,0.4177098918941251,0.5106202781166117,0.4896719817139
81,0,0.5366302390801686,0.3101147889709212,0.3416604662610591,1.2285023892622076
81,1,0.5121787889089748,0.3260534657211705,0.49470205810673534,0.48010436814585317
81,2,0.5423324517107679,0.38745168748784153,0.4401003411420272,7.1211252576640085
81,3,0.502750652419342,0.32220052426636203,0.49517475127173793,0.4904147854039323
81,4,0.6032648025512883,0.4177098918941251,0.5106202781166117,0.6178288775111574
82,0,0.5366302390801685,0.3101147889709212,0.3416604662610591,1.556129371241171
82,1,0.5121787889089747,0.3260534657211705,0.49470205810673534,0.4990176415652806
82,2,0.5492037699343015,0.38745168748784153,0.4401003411420272,0.4776203402690924
82,3,0.502750652419342,0.32220052426636203,0.49517475127173793,0.4256651497189534
82,4,0.6039250518585885,0.4177098918941251,0.5106202781166117,0.5564021757138421
83,0,0.5366302390801688,0.3101147889709212,0.3416604662610591,0.892124439114322
83,1,0.5121787889089748,0.3260534657211705,0.49470205810673534,0.4479775217092772
83,2,0.5423324517107676,0.38745168748784153,0.4401003411420272,1.0346620366549453
83,3,0.5027506524193419,0.32220052426636203,0.49517475127173793,0.6527922962450572
83,4,0.6032648025512881,0.4177098918941251,0.5106202781166117,0.81581934084822
84,0,0.5366302390801687,0.3101147889709212,0.3416604662610591,0.9196941222001422
84,1,0.512178788908975,0.3260534657211705,0.49470205810673534,0.43422738712652914
84,2,0.5423324517107677,0.38745168748784153,0.4401003411420272,0.6174033304677302
84,3,0.502750652419342,0.32220052426636203,0.49517475127173793,0.570891319975911
84,4,0.6039250518585889,0.4177098918941251,0.5106202781166117,0.593349416497869
85,0,0.5366302390801687,0.3101147889709212,0.3416604662610591,0.4184202824977389
85,1,0.5237313099799547,0.3260534657211705,0.49470205810673534,0.6110795602563655
85,2,0.5562222648395019,0.38745168748784153,0.4401003411420272,5.885043365314646
85,3,0.5027506524193421,0.32220052426636203,0.49517475127173793,0.5067449034500416
85,4,0.6032648025512882,0.4177098918941251,0.5106202781166117,0.5615819646327986
86,0,0.5366302390801687,0.3101147889709212,0.3416604662610591,1.8027200419917606
86,1,0.5121787889089748,0.3260534657211705,0.49470205810673534,0.5145803909111929
86,2,0.5630935830630358,0.38745168748784153,0.4401003411420272,0.6993541136808429
86,3,0.5027506524193419,0.32220052426636203,0.49517475127173793,0.5375501522272585
86,4,0.6032648025512883,0.4177098918941251,0.5106202781166117,0.653418392157916
87,0,0.5366302390801687,0.3101147889709212,0.3416604662610591,0.5369272265780414
87,1,0.5237313099799548,0.3260534657211705,0.49470205810673534,0.5527624589675468
87,2,0.563093583063036,0.38745168748784153,0.4401003411420272,3.7873897518716
87,3,0.502750652419342,0.32220052426636203,0.49517475127173793,0.6072601914485848
87,4,0.603264802551288,0.4177098918941251,0.5106202781166117,0.6759550642958696
88,0,0.5366302390801685,0.3101147889709212,0.3416604662610591,0.9100931544891615
88,1,0.5121787889089748,0.3260534657211705,0.49470205810673534,0.5105929244020994
88,2,0.5492037699343015,0.38745168748784153,0.4401003411420272,9.856605896175228
88,3,0.5027506524193425,0.32220052426636203,0.49517475127173793,0.5155004871632349
88,4,0.6039250518585887,0.4177098918941251,0.5106202781166117,0.7106666238967572
89,0,0.5366302390801688,0.3101147889709212,0.3416604662610591,1.2181527381826098
89,1,0.5237313099799548,0.3260534657211705,0.49470205810673534,0.48773067653069874
89,2,0.5492037699343015,0.38745168748784153,0.4401003411420272,0.7452345591017127
89,3,0.5027506524193421,0.32220052426636203,0.49517475127173793,0.42706449033690236
89,4,0.603264802551288,0.4177098918941251,0.5106202781166117,0.668629131703328
90,0,0.5366302390801688,0.3101147889709212,0.3416604662610591,0.8421203724417309
90,1,0.5121787889089748,0.3260534657211705,0.49470205810673534,0.5145012049165378
90,2,0.556222264839502,0.38745168748784153,0.4401003411420272,1.1884847358309254
90,3,0.5027506524193421,0.32220052426636203,0.49517475127173793,0.5627557420774575
90,4,0.6039250518585888,0.4177098918941251,0.5106202781166117,0.5881539540672114
91,0,0.5366302390801684,0.3101147889709212,0.3416604662610591,0.8014576467509791
91,1,0.5237313099799545,0.3260534657211705,0.49470205810673534,0.44690262747625115
91,2,0.5423324517107676,0.38745168748784153,0.4401003411420272,1.0564485186023482
91,3,0.5027506524193419,0.32220052426636203,0.49517475127173793,0.5521282945221476
91,4,0.6032648025512881,0.4177098918941251,0.5106202781166117,0.7351390847257683
92,0,0.5366302390801687,0.3101147889709212,0.3416604662610591,0.5506270616489402
92,1,0.5121787889089748,0.3260534657211705,0.49470205810673534,0.5147483397742946
92,2,0.5492037699343015,0.38745168748784153,0.4401003411420272,4.934946489456849
92,3,0.502750652419342,0.32220052426636203,0.49517475127173793,0.4739321279799836
92,4,0.6039250518585888,0.4177098918941251,0.5106202781166117,0.48362508641697133
93,0,0.5366302390801687,0.3101147889709212,0.3416604662610591,2.113875774513776
93,1,0.5237313099799548,0.3260534657211705,0.49470205810673534,0.47914865275419233
93,2,0.5423324517107679,0.38745168748784153,0.4401003411420272,0.8172097354598878
93,3,0.5027506524193425,0.32220052426636203,0.49517475127173793,0.5493028173993577
93,4,0.6032648025512881,0.4177098918941251,0.5106202781166117,0.7253662879689093
94,0,0.5366302390801689,0.3101147889709212,0.3416604662610591,0.8954789482828118
94,1,0.5237313099799544,0.3260534657211705,0.49470205810673534,0.4729543068962214
94,2,0.5630935830630359,0.38745168748784153,0.4401003411420272,4.632717408209218
94,3,0.5027506524193424,0.32220052426636203,0.49517475127173793,0.6462923371519974
94,4,0.6039250518585887,0.4177098918941251,0.5106202781166117,0.6512958719920431
95,0,0.5366302390801687,0.3101147889709212,0.3416604662610591,0.5371035877902117
95,1,0.5237313099799547,0.3260534657211705,0.49470205810673534,0.4598942127111419
95,2,0.5492037699343015,0.38745168748784153,0.4401003411420272,0.7865635187299804
95,3,0.502750652419342,0.32220052426636203,0.49517475127173793,0.6648090204921573
95,4,0.6032648025512881,0.4177098918941251,0.5106202781166117,0.5192525050353676
96,0,0.5366302390801687,0.3101147889709212,0.3416604662610591,0.5832424074795004
96,1,0.5121787889089748,0.3260534657211705,0.49470205810673534,0.47640687675548227
96,2,0.5423324517107677,0.38745168748784153,0.4401003411420272,1.6253080797622501
96,3,0.5027506524193421,0.32220052426636203,0.49517475127173793,0.9138298514190272
96,4,0.6039250518585888,0.4177098918941251,0.5106202781166117,0.5525348813669396
97,0,0.5366302390801689,0.3101147889709212,0.3416604662610591,0.5891902682142734
97,1,0.5237313099799548,0.3260534657211705,0.49470205810673534,0.4330648752227737
97,2,0.5492037699343015,0.38745168748784153,0.4401003411420272,11.633104766926715
97,3,0.5027506524193422,0.32220052426636203,0.49517475127173793,0.5963655381288482
97,4,0.6039250518585886,0.4177098918941251,0.5106202781166117,0.6610719560416214
98,0,0.5366302390801685,0.3101147889709212,0.3416604662610591,1.7657812661891312
98,1,0.5121787889089748,0.3260534657211705,0.49470205810673534,0.44932667082169386
98,2,0.5423324517107676,0.38745168748784153,0.4401003411420272,0.8374606241129143
98,3,0.5027506524193419,0.32220052426636203,0.49517475127173793,0.7661319731979707
98,4,0.6039250518585887,0.4177098918941251,0.5106202781166117,0.562281801483357
99,0,0.5366302390801687,0.3101147889709212,0.3416604662610591,1.6604215188615672
99,1,0.5237313099799547,0.3260534657211705,0.49470205810673534,0.5320019130339997
99,2,0.5562222648395019,0.38745168748784153,0.4401003411420272,6.353343820773753
99,3,0.502750652419342,0.32220052426636203,0.49517475127173793,0.6386588685844123
99,4,0.6039250518585886,0.4177098918941251,0.5106202781166117,0.5512968172332308
