n_repeats,indeks,DesisionTreeRegressor_mse,SVR_mse,KNeighborsRegressor_mse,MLPRegressor_mse
0,0,0.6009698647455729,0.8757781032879264,0.938502388304585,1.8307545892758063e-05
0,1,0.0008715161970261284,0.24506090653786142,0.2260983049838746,0.0001505398349539039
0,2,0.12780509858677314,0.0014066079934528563,0.0019794809162496057,2.163418712482656
0,3,0.5429751131271704,0.8744343166147054,1.0517859569012817,3.0879333762905476
0,4,0.3699731433596237,0.21068281490898919,0.6386397480273229,30.331077807531383
0,5,0.9895393153782892,0.32090130928278715,0.13297469243143445,2.5682906025161865
0,6,1.0349083733405586,2.7504420489417174,1.7296288210642352,0.522776898628211
0,7,0.403379242249346,0.686135762729551,0.2826323217049674,3.091211276192479
0,8,0.3193961009855218,0.003879411514461675,0.02487991983367927,7.204307834893374
0,9,1.9159171580654677,1.352592446464448,0.575782123086293,1.8884779615672769
0,10,1.1159198213443342,2.8296441468720466,2.89567852343024,8.498463340386994
0,11,1.515213882356706,1.6409260201219837,1.0552138049665876,9.259242866932475
0,12,0.436838210124082,0.015632035288399914,0.052805643051287196,0.7993120838132266
0,13,0.8368330706007477,0.6379691445111529,0.5708114033888126,0.48500917783005615
0,14,0.9476716097539816,1.6071625708902861,1.9825144026865902,4.814755658063925
0,15,0.02585174455696139,0.6539095959316157,0.6419402121566304,2.6316281135290542
0,16,0.01570348804020528,0.09984918055836405,0.17247341381845332,0.00019130112571642214
0,17,0.6047968556507594,1.1678237449476543,1.2831544252125757,3.5855083699437036
0,18,0.18973698011914408,0.33952904845657567,0.34895867588686924,0.6964309870016154
0,19,0.13653165651581892,0.21367753075439902,0.34815122513875274,1.670884461089825
0,20,0.5578512858643657,0.6577024488497724,0.7542462071517386,4.914944736419154
0,21,0.08075849335643358,0.39636101499973125,0.43487453823199135,0.3148346685017666
0,22,0.25198825147831655,0.00021358379353840455,0.01428287849886812,0.05805845647615578
0,23,0.6574626368308073,0.0008921634475406168,0.029933263437314915,1.009482917362885
0,24,0.346862216278288,0.830158694809724,1.0713733158196377,0.11677258957125601
0,25,0.005484268438469266,0.08476963140111175,0.24989322941957498,0.004197763081036703
0,26,1.5574289625362978,0.972738890521732,1.217740708065997,1.9370923443052306
0,27,2.4006383932706488,1.13817782267386,1.423268085916636,25.857950823601968
0,28,0.0004326302598328392,0.1605991582219697,0.21594078203199726,2.313605088792591
0,29,0.06036155617616034,0.004979818336340101,0.0018840281931532955,0.14422795472512084
0,30,0.1934105182838735,0.03115960667385404,0.01677241443331521,0.06488672072280174
0,31,1.1190690580657794,0.06193891877982695,0.0010670188805475711,0.7763291133577701
0,32,3.251826853227637,0.7544253939898298,0.43751993177326115,4.650398498225641
0,33,0.05985912191167081,0.20557969732617717,0.25493327169009994,0.40604568944709507
0,34,0.2974962409395175,0.005874801750536914,0.015163765940984406,7.09932285713732e-05
0,35,0.3275922105661418,0.6389602251766616,0.5412412471098679,1.5563894522194217
0,36,0.5203989719347668,0.2858324048058848,0.424368396145983,3.9168908152367425
0,37,0.13451345704602774,0.7917383413704181,0.769559827440492,1.5044619783785262
0,38,0.8431165491541487,0.1310015020573982,0.11748459912439549,0.048717299932432914
0,39,2.380809918296976,0.18212480850894067,0.09937271084828911,0.7002947710827513
0,40,0.3239540785326043,0.6838122812119134,0.6555119184419496,0.8078611787813077
0,41,0.01494660707881804,0.3498048975951261,0.4366085237155482,0.0023941201993308773
0,42,1.8481574675184962,0.36319557414269754,0.5970756744428921,0.04873252189067384
0,43,0.4369150545179132,0.47421205050675985,0.13164107934642597,0.16157859996874363
0,44,1.0639828194436434,0.14842010741323075,0.38613780997116914,0.3991854359396808
0,45,0.10367887036743616,0.1750319117828741,0.29715150009533003,0.9735891369087493
0,46,1.1973145948538177,0.03894959632337343,0.10609224450494913,4.504035464223247
0,47,0.7255754020930273,0.00641736529585457,0.0021083867587402666,5.786147390054228e-07
0,48,1.1414850715511973,1.0442248092242705,1.1949551860160634,3.2867815516687213
0,49,0.7890526386160193,0.02065719143526533,0.15461151305022647,5.916487170891658
0,50,5.269033312994341,5.236029332006468,4.401842258192237,4.960362716125338
0,51,0.724264686560252,0.09950529847972721,0.09595883186316209,0.007171427046734957
0,52,1.265473811442353,0.5635307831662859,1.4681468406989548,1.6536693878872633
0,53,0.057514845506551,0.7362222891584661,0.7081667612479547,0.004407004752303734
0,54,0.3373813883341677,0.06410615166121537,0.3183446244242907,1.034227304569957
0,55,0.35003049427512695,1.0758001262746697,0.9801270663475306,1.906664521042191
0,56,3.215991745543385,2.0794462844806842,3.299481433907812,0.046093977535194154
0,57,0.6466816740867589,0.41685827139713594,0.22026065715593124,0.011111101342557737
0,58,0.2513653404557589,0.5843998333347602,0.6803862896639363,0.7736300549170539
0,59,0.032135378444870376,0.2503841099525881,0.40029577826119284,1.6737363315117748
0,60,0.026915345054943,0.001778909460307042,0.003999776845438601,0.0856611840378829
0,61,1.6605544007181763,0.8156638777400488,0.9316048038579191,0.2213769678766119
0,62,0.538510529615854,0.8134009214532752,1.0667737355520157,0.9999342898732436
0,63,0.16109015439113136,0.6424232053346766,0.8120328851060895,2.5093256556744103
0,64,0.19008511295383737,0.08558174494524874,0.07178048793053403,2.929767946136642
0,65,2.5234857210807617,3.601165539410413,3.115223515148898,1.9708049531433556
0,66,0.8267519516610317,0.1918252761465588,0.32905523589549857,0.488467433659682
0,67,0.228973495295013,0.023093737716545677,0.0704526710864582,0.20721400805945372
0,68,0.15839410182723485,0.0006523455047963565,0.04057226339118948,0.0008533502865081518
0,69,0.23182353444411993,0.09107648575843962,0.14756612471669683,0.15832353289271175
0,70,0.14270727034052214,0.3358263631317958,0.4472570472553237,0.7972831114521384
0,71,0.4760311607890925,0.0070709603369336444,0.002320983149661926,0.38664140488120696
0,72,0.49118903369438566,0.008450425477935546,0.011292282633109801,0.4752001421364443
0,73,0.5726557784787929,0.2591442480816275,0.004688294307059547,1.627654061087285
0,74,0.2095485720854464,0.023183400997433625,0.0011176272803858393,3.123074116804069
0,75,3.4084056762823907,1.1238058161409477,1.7815748166069931,1.4221075328041202
0,76,5.892949319453414,6.582295275570807,6.082421512691157,5.908570033095218
0,77,0.23317487788469093,1.7594309952233886,1.2840482819865107,5.486753233025465
0,78,2.8006734367122683,1.7853848699136794,1.9160172184625521,0.3788784566892672
0,79,0.30443403615369663,0.4755532467041205,0.19249830059258477,4.428792939521903
0,80,1.064728984852702,1.5561467257529635,1.0002012726311458,0.0005604555670689483
0,81,0.4486168645226804,0.11967976481068744,0.12501503035711056,0.32216584381310026
0,82,0.05802817265835022,0.38736391089345884,0.34707676809018845,0.00010014073172879714
0,83,0.012698876972585935,1.9205263491695106,1.0738625744542676,0.4258332731268084
0,84,0.23045773663372182,0.38152571000522145,0.13742074544386873,3.1119964574653745
0,85,0.040915619388692696,0.011644412533715969,0.08948773771548302,0.06340384209193269
0,86,2.048430153152335,1.5663497227970073,1.190818096784315,0.050030572011448095
0,87,0.32958097160339417,0.08883768729329004,0.003052554348476693,0.33458623157819406
0,88,0.9242102348136839,0.2819259129759605,0.2890794362055088,0.8564743430075265
0,89,1.140224413645205,1.643334159263816,2.466491864650004,3.754520126235863
0,90,0.11464169652782051,0.016299339035606715,0.08112194902309214,1.7696173807314237
0,91,1.021462193436271,0.11351833826106522,0.1991172340841941,0.21564926522536945
0,92,0.06518764156061546,0.0610414088873972,0.1187161418457328,1.0683208462614722
0,93,1.4933726865578383,3.068179114931733,2.5943612141450183,1.5159537646320262
0,94,0.12904800726637872,1.074699155766264,0.46530100861343143,0.8412862749443311
0,95,1.0608417238325571,0.9043492301114355,1.305104603231909,0.7276445011148575
0,96,2.976541164816003,1.139645384403329,1.2079443977411286,5.080255068450558
0,97,0.9456901513908073,0.08132640976406433,0.3175228221481925,0.02709679974444229
0,98,0.007564926487885979,0.8130125143937138,0.40822661495182144,1.7686409124993536
0,99,2.746709229744526,0.6468946627648142,1.7866657436466011,0.19329374017233475
1,0,0.6009698647455716,0.8757781032879264,0.938502388304585,1.4820055153783978
1,1,0.0008715161970261284,0.24506090653786142,0.2260983049838746,0.2597597326834508
1,2,0.1278050985867725,0.0014066079934528563,0.0019794809162496057,0.25574438865139326
1,3,0.5429751131271717,0.8744343166147054,1.0517859569012817,4.207963868267669
1,4,0.3699731433596259,0.21068281490898919,0.6386397480273229,16.062887247419685
1,5,0.9895393153782874,0.32090130928278715,0.13297469243143445,3.839711108014329
1,6,1.0349083733405586,2.7504420489417174,1.7296288210642352,0.07393955288178566
1,7,0.403379242249346,0.686135762729551,0.2826323217049674,1.638481323054707
1,8,0.3193961009855208,0.003879411514461675,0.02487991983367927,0.1155128589443973
1,9,1.9159171580654677,1.352592446464448,0.575782123086293,1.3600799683848213
1,10,1.1159198213443322,2.8296441468720466,2.89567852343024,6.21809778629569
1,11,1.515213882356706,1.6409260201219837,1.0552138049665876,2.0560543566507214
1,12,0.43683821012408086,0.015632035288399914,0.052805643051287196,2.6915491363170156
1,13,0.836833070600751,0.6379691445111529,0.5708114033888126,3.2787885192932253
1,14,0.9476716097539832,1.6071625708902861,1.9825144026865902,4.8969893420204285
1,15,0.025851744556961105,0.6539095959316157,0.6419402121566304,1.277938600502878
1,16,0.01570348804020528,0.09984918055836405,0.17247341381845332,0.09472934650356483
1,17,0.6047968556507579,1.1678237449476543,1.2831544252125757,0.7327313525538389
1,18,0.18973698011914408,0.33952904845657567,0.34895867588686924,0.2820168658442688
1,19,0.13653165651581892,0.21367753075439902,0.34815122513875274,0.273548186728395
1,20,0.5578512858643631,0.6577024488497724,0.7542462071517386,1.4280316086998315
1,21,0.08075849335643358,0.39636101499973125,0.43487453823199135,0.6610760223716312
1,22,0.2519882514783148,0.00021358379353840455,0.01428287849886812,0.34703118145210954
1,23,0.6574626368308059,0.0008921634475406168,0.029933263437314915,3.691337060103821
1,24,0.346862216278288,0.830158694809724,1.0713733158196377,2.451792855318756
1,25,0.005484268438469266,0.08476963140111175,0.24989322941957498,0.1050703364033101
1,26,1.5574289625362978,0.972738890521732,1.217740708065997,5.706877621167934
1,27,2.4006383932706488,1.13817782267386,1.423268085916636,2.201948798852434
1,28,0.0004326302598328392,0.1605991582219697,0.21594078203199726,0.6278483257406987
1,29,0.0603615561761599,0.004979818336340101,0.0018840281931532955,0.0041660702816872595
1,30,0.1934105182838727,0.03115960667385404,0.01677241443331521,3.4021421071573728
1,31,1.1190690580657794,0.06193891877982695,0.0010670188805475711,0.5799619344651898
1,32,3.251826853227637,0.7544253939898298,0.43751993177326115,2.7740590439810235
1,33,0.05985912191167081,0.20557969732617717,0.25493327169009994,0.7705655640667931
1,34,0.2974962409395175,0.005874801750536914,0.015163765940984406,0.3038582242406717
1,35,0.3275922105661418,0.6389602251766616,0.5412412471098679,0.058717372128635995
1,36,0.5203989719347668,0.2858324048058848,0.424368396145983,0.3743790445510788
1,37,0.13451345704602707,0.7917383413704181,0.769559827440492,1.039095074469747
1,38,0.8431165491541502,0.1310015020573982,0.11748459912439549,1.446861219416747
1,39,2.3808099182969773,0.18212480850894067,0.09937271084828911,0.014185111415903232
1,40,0.3239540785326043,0.6838122812119134,0.6555119184419496,0.5031081772170195
1,41,0.01494660707881804,0.3498048975951261,0.4366085237155482,0.3358694283089123
1,42,1.8481574675184962,0.36319557414269754,0.5970756744428921,0.35077330286001424
1,43,0.43691505451791435,0.47421205050675985,0.13164107934642597,0.21978290555614838
1,44,1.0639828194436434,0.14842010741323075,0.38613780997116914,1.4884734010199012
1,45,0.10367887036743616,0.1750319117828741,0.29715150009533003,6.484604857611418
1,46,1.1973145948538169,0.03894959632337343,0.10609224450494913,6.410771080091684
1,47,0.7255754020930273,0.00641736529585457,0.0021083867587402666,0.24100246724752455
1,48,1.1414850715511993,1.0442248092242705,1.1949551860160634,0.3053502911101508
1,49,0.7890526386160193,0.02065719143526533,0.15461151305022647,8.128610003466747
1,50,5.269033312994341,5.236029332006468,4.401842258192237,4.99723342160394
1,51,0.7242646865602504,0.09950529847972721,0.09595883186316209,2.979542834832335
1,52,1.265473811442353,0.5635307831662859,1.4681468406989548,2.4119072938819195
1,53,0.057514845506551,0.7362222891584661,0.7081667612479547,0.38452214345126184
1,54,0.3373813883341677,0.06410615166121537,0.3183446244242907,0.8505908017646108
1,55,0.35003049427512695,1.0758001262746697,0.9801270663475306,6.685236997700967
1,56,3.215991745543385,2.0794462844806842,3.299481433907812,0.20014199039581793
1,57,0.6466816740867589,0.41685827139713594,0.22026065715593124,1.4733734642153158
1,58,0.25136534045575804,0.5843998333347602,0.6803862896639363,0.22824742485502955
1,59,0.032135378444870376,0.2503841099525881,0.40029577826119284,3.6885038476907615
1,60,0.026915345054943,0.001778909460307042,0.003999776845438601,7.402584978378678e-07
1,61,1.6605544007181785,0.8156638777400488,0.9316048038579191,1.0930204234414593
1,62,0.538510529615854,0.8134009214532752,1.0667737355520157,6.760588672500713
1,63,0.16109015439113136,0.6424232053346766,0.8120328851060895,2.8178724734238627
1,64,0.19008511295383737,0.08558174494524874,0.07178048793053403,4.698252875836119
1,65,2.5234857210807617,3.601165539410413,3.115223515148898,0.6003606284815564
1,66,0.8267519516610332,0.1918252761465588,0.32905523589549857,0.021339698533664835
1,67,0.228973495295013,0.023093737716545677,0.0704526710864582,0.37393498905219535
1,68,0.15839410182723415,0.0006523455047963565,0.04057226339118948,1.388893731760991
1,69,0.23182353444411866,0.09107648575843962,0.14756612471669683,0.7341553742801361
1,70,0.14270727034052214,0.3358263631317958,0.4472570472553237,0.07802758545464533
1,71,0.4760311607890925,0.0070709603369336444,0.002320983149661926,2.054013947304199
1,72,0.49118903369438754,0.008450425477935546,0.011292282633109801,0.38916929206689654
1,73,0.5726557784787929,0.2591442480816275,0.004688294307059547,1.444848774916915
1,74,0.2095485720854464,0.023183400997433625,0.0011176272803858393,0.10545002911269105
1,75,3.408405676282389,1.1238058161409477,1.7815748166069931,0.1295170889950063
1,76,5.892949319453409,6.582295275570807,6.082421512691157,2.597162332685669
1,77,0.23317487788469093,1.7594309952233886,1.2840482819865107,2.061454960237979
1,78,2.8006734367122683,1.7853848699136794,1.9160172184625521,2.8693744107098547
1,79,0.30443403615369763,0.4755532467041205,0.19249830059258477,2.768417601096743
1,80,1.064728984852702,1.5561467257529635,1.0002012726311458,0.7240664310549657
1,81,0.4486168645226804,0.11967976481068744,0.12501503035711056,0.20716033627556932
1,82,0.05802817265835022,0.38736391089345884,0.34707676809018845,0.5209949966790357
1,83,0.012698876972585935,1.9205263491695106,1.0738625744542676,1.8390781025923977
1,84,0.23045773663372182,0.38152571000522145,0.13742074544386873,0.1854714881878343
1,85,0.040915619388692696,0.011644412533715969,0.08948773771548302,0.15526618539836526
1,86,2.048430153152335,1.5663497227970073,1.190818096784315,0.5773277408936417
1,87,0.32958097160339367,0.08883768729329004,0.003052554348476693,0.05382248694504039
1,88,0.9242102348136839,0.2819259129759605,0.2890794362055088,0.23316673719131004
1,89,1.140224413645205,1.643334159263816,2.466491864650004,10.908987966763867
1,90,0.11464169652782051,0.016299339035606715,0.08112194902309214,5.649514295792888
1,91,1.021462193436271,0.11351833826106522,0.1991172340841941,0.0993656651045886
1,92,0.06518764156061592,0.0610414088873972,0.1187161418457328,1.2001671281232391
1,93,1.4933726865578425,3.068179114931733,2.5943612141450183,2.7913184409076903
1,94,0.12904800726637872,1.074699155766264,0.46530100861343143,0.0004944438432365681
1,95,1.0608417238325571,0.9043492301114355,1.305104603231909,1.3967788803792085
1,96,2.976541164816003,1.139645384403329,1.2079443977411286,1.254003505526852
1,97,0.9456901513908073,0.08132640976406433,0.3175228221481925,0.6575352356915579
1,98,0.007564926487886133,0.8130125143937138,0.40822661495182144,1.4326596000321203
1,99,2.746709229744525,0.6468946627648142,1.7866657436466011,4.983672523046605
2,0,0.6009698647455716,0.8757781032879264,0.938502388304585,1.317558516120535
2,1,0.0008715161970261284,0.24506090653786142,0.2260983049838746,0.021295424391268036
2,2,0.12780509858677314,0.0014066079934528563,0.0019794809162496057,0.41661931107267575
2,3,0.5429751131271717,0.8744343166147054,1.0517859569012817,1.730046666373932
2,4,0.3699731433596237,0.21068281490898919,0.6386397480273229,27.61564329730261
2,5,0.9895393153782892,0.32090130928278715,0.13297469243143445,0.03719769906175602
2,6,1.0349083733405569,2.7504420489417174,1.7296288210642352,0.021827599289734885
2,7,0.403379242249346,0.686135762729551,0.2826323217049674,1.0190799970643463
2,8,0.3193961009855208,0.003879411514461675,0.02487991983367927,2.0692654162124335
2,9,1.9159171580654677,1.352592446464448,0.575782123086293,2.3441897535406366
2,10,3.222265146336636,2.8296441468720466,2.89567852343024,4.556669823585303
2,11,1.515213882356706,1.6409260201219837,1.0552138049665876,0.9661417391677882
2,12,0.43683821012408086,0.015632035288399914,0.052805643051287196,1.5113102291863356
2,13,0.8368330706007493,0.6379691445111529,0.5708114033888126,1.2172812847043488
2,14,0.9476716097539816,1.6071625708902861,1.9825144026865902,3.6163564302692253
2,15,0.02585174455696139,0.6539095959316157,0.6419402121566304,2.2805103192275102
2,16,0.01570348804020528,0.09984918055836405,0.17247341381845332,0.03154481750373406
2,17,0.6047968556507594,1.1678237449476543,1.2831544252125757,0.37031602623236387
2,18,0.18973698011914408,0.33952904845657567,0.34895867588686924,0.1523393814603022
2,19,0.13653165651581958,0.21367753075439902,0.34815122513875274,0.11565574064834819
2,20,0.557851285864367,0.6577024488497724,0.7542462071517386,4.393274369756381
2,21,0.08075849335643358,0.39636101499973125,0.43487453823199135,0.10652367076061466
2,22,0.25198825147831566,0.00021358379353840455,0.01428287849886812,0.6076319296614479
2,23,0.6574626368308073,0.0008921634475406168,0.029933263437314915,2.6362780292881354
2,24,0.346862216278288,0.830158694809724,1.0713733158196377,0.13975839777231627
2,25,0.005484268438469266,0.08476963140111175,0.24989322941957498,1.1835615926419512
2,26,1.5574289625362978,0.972738890521732,1.217740708065997,0.13958462300766714
2,27,2.4006383932706488,1.13817782267386,1.423268085916636,5.242891076542035
2,28,0.0004326302598328392,0.1605991582219697,0.21594078203199726,0.9238137950009636
2,29,0.06036155617616034,0.004979818336340101,0.0018840281931532955,0.2694094719724386
2,30,0.1934105182838727,0.03115960667385404,0.01677241443331521,0.07640836361969876
2,31,1.1190690580657794,0.06193891877982695,0.0010670188805475711,1.4273158335177072
2,32,3.251826853227637,0.7544253939898298,0.43751993177326115,1.1194990897873878
2,33,0.05985912191167081,0.20557969732617717,0.25493327169009994,0.036265798417352745
2,34,0.29749624093951843,0.005874801750536914,0.015163765940984406,0.0009549625410857408
2,35,0.3275922105661418,0.6389602251766616,0.5412412471098679,0.02962086235651296
2,36,0.5203989719347668,0.2858324048058848,0.424368396145983,0.004186444274338167
2,37,0.13451345704602707,0.7917383413704181,0.769559827440492,1.0465651240226286
2,38,0.8431165491541502,0.1310015020573982,0.11748459912439549,1.7267524017630551
2,39,2.380809918296976,0.18212480850894067,0.09937271084828911,0.005522532637514837
2,40,0.3239540785326043,0.6838122812119134,0.6555119184419496,0.4345385595848004
2,41,0.014946607078818256,0.3498048975951261,0.4366085237155482,0.5567962770281265
2,42,1.8481574675184937,0.36319557414269754,0.5970756744428921,0.12409356175414468
2,43,0.4369150545179132,0.47421205050675985,0.13164107934642597,0.0002979956413579593
2,44,1.0639828194436434,0.14842010741323075,0.38613780997116914,0.3566795330284728
2,45,0.10367887036743616,0.1750319117828741,0.29715150009533003,4.479231678225227
2,46,1.1973145948538177,0.03894959632337343,0.10609224450494913,16.75070001354228
2,47,0.7255754020930288,0.00641736529585457,0.0021083867587402666,0.35493409033465934
2,48,1.1414850715511973,1.0442248092242705,1.1949551860160634,1.0920084083078916
2,49,0.7890526386160193,0.02065719143526533,0.15461151305022647,5.008259483529335
2,50,5.269033312994341,5.236029332006468,4.401842258192237,5.0336063999141345
2,51,0.724264686560252,0.09950529847972721,0.09595883186316209,3.1295151223850537
2,52,1.265473811442353,0.5635307831662859,1.4681468406989548,1.0685610622242496
2,53,0.057514845506551,0.7362222891584661,0.7081667612479547,0.2911057587815426
2,54,0.3373813883341677,0.06410615166121537,0.3183446244242907,1.7801908533094326
2,55,0.350030494275128,1.0758001262746697,0.9801270663475306,0.04100739885292499
2,56,3.215991745543385,2.0794462844806842,3.299481433907812,0.2896584703820999
2,57,0.6466816740867589,0.41685827139713594,0.22026065715593124,0.6208062683852326
2,58,0.25136534045575804,0.5843998333347602,0.6803862896639363,0.40773901981696226
2,59,0.032135378444870376,0.2503841099525881,0.40029577826119284,3.577058119531416
2,60,0.026915345054943,0.001778909460307042,0.003999776845438601,0.03563237761768767
2,61,1.6605544007181785,0.8156638777400488,0.9316048038579191,0.6674276960621749
2,62,0.5385105296158553,0.8134009214532752,1.0667737355520157,0.13599808694441076
2,63,0.16109015439113136,0.6424232053346766,0.8120328851060895,2.229917579198961
2,64,0.19008511295383737,0.08558174494524874,0.07178048793053403,0.22116266360287692
2,65,2.5234857210807586,3.601165539410413,3.115223515148898,1.6973165161352057
2,66,0.8267519516610317,0.1918252761465588,0.32905523589549857,0.5268018857622973
2,67,0.22897349529501215,0.023093737716545677,0.0704526710864582,0.11817883113243277
2,68,0.15839410182723485,0.0006523455047963565,0.04057226339118948,0.11398308113237236
2,69,0.23182353444411993,0.09107648575843962,0.14756612471669683,3.143958854332813
2,70,0.14270727034052214,0.3358263631317958,0.4472570472553237,1.8035010605505688
2,71,0.47603116078909374,0.0070709603369336444,0.002320983149661926,0.4028814386068781
2,72,0.49118903369438693,0.008450425477935546,0.011292282633109801,0.4777699962595506
2,73,0.5726557784787929,0.2591442480816275,0.004688294307059547,1.8906971458829085
2,74,0.2095485720854464,0.023183400997433625,0.0011176272803858393,3.8374961453524197
2,75,3.4084056762823907,1.1238058161409477,1.7815748166069931,0.02390666277512874
2,76,5.892949319453409,6.582295275570807,6.082421512691157,7.0345033525489855
2,77,0.23317487788469138,1.7594309952233886,1.2840482819865107,3.4374376771643305
2,78,2.8006734367122683,1.7853848699136794,1.9160172184625521,1.0032782990761293
2,79,0.30443403615369563,0.4755532467041205,0.19249830059258477,28.946254026340366
2,80,1.064728984852702,1.5561467257529635,1.0002012726311458,0.09152555291999831
2,81,0.4486168645226804,0.11967976481068744,0.12501503035711056,0.17449212675397202
2,82,0.05802817265835022,0.38736391089345884,0.34707676809018845,0.5223296200361187
2,83,0.012698876972585734,1.9205263491695106,1.0738625744542676,3.1527680478352957
2,84,0.23045773663372265,0.38152571000522145,0.13742074544386873,0.4432279219125116
2,85,0.040915619388692696,0.011644412533715969,0.08948773771548302,0.006144797404928588
2,86,2.048430153152333,1.5663497227970073,1.190818096784315,2.2612043066573864
2,87,0.32958097160339267,0.08883768729329004,0.003052554348476693,1.4321037435628243
2,88,0.9242102348136839,0.2819259129759605,0.2890794362055088,1.88801944406451
2,89,1.1402244136452069,1.643334159263816,2.466491864650004,4.582776497030891
2,90,0.11464169652782051,0.016299339035606715,0.08112194902309214,0.836805550461257
2,91,1.021462193436271,0.11351833826106522,0.1991172340841941,0.18981983523806353
2,92,0.06518764156061636,0.0610414088873972,0.1187161418457328,0.3074328351816199
2,93,1.4933726865578425,3.068179114931733,2.5943612141450183,3.769455749093605
2,94,0.12904800726637872,1.074699155766264,0.46530100861343143,2.7418168830062393
2,95,1.0608417238325571,0.9043492301114355,1.305104603231909,0.23257426596188052
2,96,2.9765411648160063,1.139645384403329,1.2079443977411286,6.460888825541272
2,97,0.9456901513908073,0.08132640976406433,0.3175228221481925,0.009270959382653295
2,98,0.007564926487886133,0.8130125143937138,0.40822661495182144,1.7515079291169717
2,99,2.746709229744525,0.6468946627648142,1.7866657436466011,1.7183550177720923
3,0,0.6009698647455729,0.8757781032879264,0.938502388304585,0.34065743336042076
3,1,0.0008715161970261284,0.24506090653786142,0.2260983049838746,0.02664410794315582
3,2,0.12780509858677314,0.0014066079934528563,0.0019794809162496057,0.6995543895668694
3,3,0.5429751131271717,0.8744343166147054,1.0517859569012817,2.3083477603833167
3,4,0.3699731433596248,0.21068281490898919,0.6386397480273229,28.87371858476826
3,5,0.9895393153782892,0.32090130928278715,0.13297469243143445,0.9335452777991649
3,6,1.0349083733405569,2.7504420489417174,1.7296288210642352,0.3066110584140433
3,7,0.4033792422493449,0.686135762729551,0.2826323217049674,0.5401378548704379
3,8,0.3193961009855218,0.003879411514461675,0.02487991983367927,3.4974706592936546
3,9,1.9159171580654653,1.352592446464448,0.575782123086293,1.6898876676510188
3,10,1.1159198213443322,2.8296441468720466,2.89567852343024,2.1639351108277625
3,11,1.5152138823567083,1.6409260201219837,1.0552138049665876,8.66236284080322
3,12,0.43683821012408086,0.015632035288399914,0.052805643051287196,0.029553933509686676
3,13,0.8368330706007493,0.6379691445111529,0.5708114033888126,4.072833198434582
3,14,0.9476716097539832,1.6071625708902861,1.9825144026865902,3.960231295409534
3,15,0.02585174455696139,0.6539095959316157,0.6419402121566304,0.3326305148302829
3,16,0.015703488040205507,0.09984918055836405,0.17247341381845332,0.01180948221415134
3,17,0.6047968556507594,1.1678237449476543,1.2831544252125757,0.7773083829069289
3,18,0.18973698011914408,0.33952904845657567,0.34895867588686924,1.0405979654300923
3,19,0.13653165651581892,0.21367753075439902,0.34815122513875274,0.509886571347616
3,20,0.5578512858643657,0.6577024488497724,0.7542462071517386,1.8672715931391168
3,21,0.08075849335643358,0.39636101499973125,0.43487453823199135,0.3928357765798048
3,22,0.2519882514783148,0.00021358379353840455,0.01428287849886812,0.1797583062029907
3,23,0.6574626368308059,0.0008921634475406168,0.029933263437314915,13.408220150519174
3,24,0.34686221627828906,0.830158694809724,1.0713733158196377,2.8698569275241534
3,25,0.005484268438469266,0.08476963140111175,0.24989322941957498,0.01177449991100328
3,26,1.5574289625363,0.972738890521732,1.217740708065997,1.1690824667101316
3,27,2.4006383932706514,1.13817782267386,1.423268085916636,11.11336546466697
3,28,0.0004326302598328392,0.1605991582219697,0.21594078203199726,1.4386504101249282
3,29,0.06036155617616034,0.004979818336340101,0.0018840281931532955,0.036312890751095936
3,30,0.1934105182838727,0.03115960667385404,0.01677241443331521,2.063100128092626
3,31,1.1190690580657794,0.06193891877982695,0.0010670188805475711,0.0749659060851253
3,32,3.251826853227637,0.7544253939898298,0.43751993177326115,0.1480697451250129
3,33,0.05985912191167081,0.20557969732617717,0.25493327169009994,0.4039185978202751
3,34,0.29749624093951843,0.005874801750536914,0.015163765940984406,0.06742125871988094
3,35,0.32759221056614074,0.6389602251766616,0.5412412471098679,0.006534963769957985
3,36,0.5203989719347681,0.2858324048058848,0.424368396145983,0.0270696524699525
3,37,0.13451345704602707,0.7917383413704181,0.769559827440492,1.7260982537153804
3,38,0.8431165491541487,0.1310015020573982,0.11748459912439549,2.339304356141642
3,39,2.3808099182969773,0.18212480850894067,0.09937271084828911,0.6130041352613594
3,40,0.3239540785326043,0.6838122812119134,0.6555119184419496,0.001643140065119356
3,41,0.01494660707881804,0.3498048975951261,0.4366085237155482,0.38332499552632576
3,42,1.8481574675184962,0.36319557414269754,0.5970756744428921,1.660069427494554
3,43,0.4369150545179132,0.47421205050675985,0.13164107934642597,0.1450448992723799
3,44,1.0639828194436434,0.14842010741323075,0.38613780997116914,2.962833876090961
3,45,0.10367887036743616,0.1750319117828741,0.29715150009533003,0.8594515356278231
3,46,1.1973145948538177,0.03894959632337343,0.10609224450494913,3.7457096801549787
3,47,0.7255754020930288,0.00641736529585457,0.0021083867587402666,0.04039241798100881
3,48,1.1414850715511973,1.0442248092242705,1.1949551860160634,2.365769968356233
3,49,0.7890526386160208,0.02065719143526533,0.15461151305022647,1.8604295667564104
3,50,5.269033312994341,5.236029332006468,4.401842258192237,5.866174294040116
3,51,0.724264686560252,0.09950529847972721,0.09595883186316209,1.9088924328469437
3,52,1.265473811442353,0.5635307831662859,1.4681468406989548,1.3932392369256261
3,53,0.057514845506551,0.7362222891584661,0.7081667612479547,2.065777403725505
3,54,0.3373813883341667,0.06410615166121537,0.3183446244242907,3.152499286629245
3,55,0.350030494275128,1.0758001262746697,0.9801270663475306,3.669827367009707
3,56,3.215991745543388,2.0794462844806842,3.299481433907812,0.1570209354708783
3,57,0.6466816740867617,0.41685827139713594,0.22026065715593124,0.875762242740072
3,58,0.25136534045575804,0.5843998333347602,0.6803862896639363,0.8970597065031927
3,59,0.032135378444870376,0.2503841099525881,0.40029577826119284,3.126218391895183
3,60,0.02691534505494329,0.001778909460307042,0.003999776845438601,0.04719985289725142
3,61,1.6605544007181763,0.8156638777400488,0.9316048038579191,0.0009069413316280864
3,62,0.538510529615854,0.8134009214532752,1.0667737355520157,0.681286494427271
3,63,0.16109015439113136,0.6424232053346766,0.8120328851060895,1.9544924380419852
3,64,0.19008511295383815,0.08558174494524874,0.07178048793053403,0.011498185583034011
3,65,2.5234857210807586,3.601165539410413,3.115223515148898,4.2574398407572644
3,66,0.8267519516610317,0.1918252761465588,0.32905523589549857,1.0747782808183137
3,67,0.228973495295013,0.023093737716545677,0.0704526710864582,3.8722388887075554
3,68,0.15839410182723415,0.0006523455047963565,0.04057226339118948,1.2910789699549687
3,69,0.23182353444411866,0.09107648575843962,0.14756612471669683,0.07522244180811512
3,70,0.14270727034052214,0.3358263631317958,0.4472570472553237,0.1992894277458513
3,71,0.47603116078909374,0.0070709603369336444,0.002320983149661926,0.16084607188615999
3,72,0.49118903369438693,0.008450425477935546,0.011292282633109801,0.5452600499798909
3,73,0.5726557784787902,0.2591442480816275,0.004688294307059547,3.105750283483283
3,74,0.2095485720854464,0.023183400997433625,0.0011176272803858393,1.0309114611890406
3,75,3.4084056762823938,1.1238058161409477,1.7815748166069931,0.027873842822137597
3,76,5.892949319453414,6.582295275570807,6.082421512691157,8.269372843781568
3,77,0.23317487788469093,1.7594309952233886,1.2840482819865107,1.553787901792713
3,78,2.8006734367122683,1.7853848699136794,1.9160172184625521,6.280242500066139
3,79,0.30443403615369763,0.4755532467041205,0.19249830059258477,0.6730187554536033
3,80,1.064728984852702,1.5561467257529635,1.0002012726311458,2.3355852100101173
3,81,0.4486168645226804,0.11967976481068744,0.12501503035711056,0.40120856234532176
3,82,0.05802817265835022,0.38736391089345884,0.34707676809018845,1.0456618878898989
3,83,0.012698876972586134,1.9205263491695106,1.0738625744542676,2.1403348928290495
3,84,0.23045773663372096,0.38152571000522145,0.13742074544386873,0.12547384699298508
3,85,0.040915619388692696,0.011644412533715969,0.08948773771548302,0.20327335801463928
3,86,2.048430153152335,1.5663497227970073,1.190818096784315,0.12684860810048462
3,87,0.32958097160339367,0.08883768729329004,0.003052554348476693,0.28373520797143464
3,88,0.9242102348136839,0.2819259129759605,0.2890794362055088,0.7490077758895811
3,89,1.140224413645205,1.643334159263816,2.466491864650004,2.4077498102144754
3,90,0.11464169652782051,0.016299339035606715,0.08112194902309214,1.1536733867237638
3,91,1.021462193436271,0.11351833826106522,0.1991172340841941,0.49995321274725923
3,92,0.06518764156061636,0.0610414088873972,0.1187161418457328,2.9107120930879873
3,93,1.4933726865578405,3.068179114931733,2.5943612141450183,9.460407765489101
3,94,0.12904800726637872,1.074699155766264,0.46530100861343143,0.453212266264711
3,95,1.0608417238325571,0.9043492301114355,1.305104603231909,0.7091054846978028
3,96,2.9765411648160063,1.139645384403329,1.2079443977411286,4.413191745138454
3,97,0.9456901513908073,0.08132640976406433,0.3175228221481925,0.2818695171117302
3,98,0.007564926487886133,0.8130125143937138,0.40822661495182144,0.2513983325489823
3,99,2.746709229744525,0.6468946627648142,1.7866657436466011,3.359262810040884
4,0,0.6009698647455729,0.8757781032879264,0.938502388304585,3.5149288250655726
4,1,0.0008715161970261284,0.24506090653786142,0.2260983049838746,0.0603922885004325
4,2,0.12780509858677314,0.0014066079934528563,0.0019794809162496057,0.06810240746473534
4,3,0.5429751131271717,0.8744343166147054,1.0517859569012817,1.1633755663256227
4,4,0.3699731433596248,0.21068281490898919,0.6386397480273229,2.842184755392649
4,5,0.9895393153782892,0.32090130928278715,0.13297469243143445,0.9835781882787331
4,6,1.0349083733405586,2.7504420489417174,1.7296288210642352,0.7870337871450523
4,7,0.403379242249346,0.686135762729551,0.2826323217049674,1.048825237588207
4,8,0.3193961009855208,0.003879411514461675,0.02487991983367927,0.3050762038965281
4,9,1.9159171580654677,1.352592446464448,0.575782123086293,0.9295871612477431
4,10,1.1159198213443322,2.8296441468720466,2.89567852343024,6.946184619979426
4,11,1.515213882356706,1.6409260201219837,1.0552138049665876,2.37739604750418
4,12,0.43683821012408086,0.015632035288399914,0.052805643051287196,0.0011579088840582821
4,13,0.836833070600751,0.6379691445111529,0.5708114033888126,2.6431577803905726
4,14,0.9476716097539832,1.6071625708902861,1.9825144026865902,2.9524046225579315
4,15,0.025851744556961105,0.6539095959316157,0.6419402121566304,3.699874131421337
4,16,0.01570348804020506,0.09984918055836405,0.17247341381845332,0.005575768136594538
4,17,0.6047968556507594,1.1678237449476543,1.2831544252125757,0.8809227314822052
4,18,0.18973698011914486,0.33952904845657567,0.34895867588686924,0.3737899399989287
4,19,0.13653165651581958,0.21367753075439902,0.34815122513875274,0.04526198352459502
4,20,0.5578512858643684,0.6577024488497724,0.7542462071517386,1.7628705025107967
4,21,0.08075849335643358,0.39636101499973125,0.43487453823199135,0.001827321735631863
4,22,0.25198825147831566,0.00021358379353840455,0.01428287849886812,2.0320473405878507
4,23,0.6574626368308073,0.0008921634475406168,0.029933263437314915,15.718294036531418
4,24,0.34686221627828906,0.830158694809724,1.0713733158196377,0.33712023250857753
4,25,0.005484268438469266,0.08476963140111175,0.24989322941957498,0.3839760661683649
4,26,1.5574289625362978,0.972738890521732,1.217740708065997,3.9170936168564854
4,27,2.4006383932706488,1.13817782267386,1.423268085916636,0.23237211325631696
4,28,0.0004326302598328392,0.1605991582219697,0.21594078203199726,0.22118134568816553
4,29,0.0603615561761599,0.004979818336340101,0.0018840281931532955,2.6888493214789364e-05
4,30,0.1934105182838735,0.03115960667385404,0.01677241443331521,8.349402495683693
4,31,1.1190690580657812,0.06193891877982695,0.0010670188805475711,0.4487470313547342
4,32,3.2518268532276338,0.7544253939898298,0.43751993177326115,1.8628495653068984
4,33,0.05985912191167081,0.20557969732617717,0.25493327169009994,0.03607110605065855
4,34,0.2974962409395175,0.005874801750536914,0.015163765940984406,0.06918890293647534
4,35,0.3275922105661418,0.6389602251766616,0.5412412471098679,0.3389032517289998
4,36,0.5203989719347668,0.2858324048058848,0.424368396145983,0.9518670808549815
4,37,0.13451345704602774,0.7917383413704181,0.769559827440492,0.4142515160486019
4,38,0.8431165491541502,0.1310015020573982,0.11748459912439549,0.02209834157886255
4,39,2.380809918296976,0.18212480850894067,0.09937271084828911,0.28138885591698237
4,40,0.3239540785326043,0.6838122812119134,0.6555119184419496,0.5022866967874013
4,41,0.01494660707881804,0.3498048975951261,0.4366085237155482,0.1724018302328849
4,42,1.8481574675184937,0.36319557414269754,0.5970756744428921,4.809400437731056
4,43,0.43691505451791435,0.47421205050675985,0.13164107934642597,0.001818370635195607
4,44,1.0639828194436434,0.14842010741323075,0.38613780997116914,0.1532580493569611
4,45,0.10367887036743616,0.1750319117828741,0.29715150009533003,0.7031974562266805
4,46,1.1973145948538177,0.03894959632337343,0.10609224450494913,5.747009666099177
4,47,0.7255754020930288,0.00641736529585457,0.0021083867587402666,0.2929927895886489
4,48,1.1414850715511973,1.0442248092242705,1.1949551860160634,3.332225411920372
4,49,0.7890526386160193,0.02065719143526533,0.15461151305022647,0.027074177313688396
4,50,5.269033312994341,5.236029332006468,4.401842258192237,5.110100573851366
4,51,0.7242646865602504,0.09950529847972721,0.09595883186316209,3.187769371951369e-06
4,52,1.265473811442355,0.5635307831662859,1.4681468406989548,1.1047535522788798
4,53,0.057514845506551,0.7362222891584661,0.7081667612479547,0.009726524565482888
4,54,0.3373813883341667,0.06410615166121537,0.3183446244242907,2.4884561760895796
4,55,0.350030494275128,1.0758001262746697,0.9801270663475306,4.183341409613613
4,56,3.215991745543388,2.0794462844806842,3.299481433907812,0.300223939191822
4,57,0.6466816740867602,0.41685827139713594,0.22026065715593124,0.013365046915981936
4,58,0.25136534045575804,0.5843998333347602,0.6803862896639363,0.15007402083578922
4,59,0.032135378444870695,0.2503841099525881,0.40029577826119284,2.253554451192538
4,60,0.026915345054943,0.001778909460307042,0.003999776845438601,0.48787002055686746
4,61,1.6605544007181763,0.8156638777400488,0.9316048038579191,0.2071572975086949
4,62,0.5385105296158553,0.8134009214532752,1.0667737355520157,0.9575594922873277
4,63,0.16109015439113136,0.6424232053346766,0.8120328851060895,2.4140775811837196
4,64,0.19008511295383815,0.08558174494524874,0.07178048793053403,0.7980640615935598
4,65,2.5234857210807586,3.601165539410413,3.115223515148898,2.9058854708784003
4,66,0.8267519516610332,0.1918252761465588,0.32905523589549857,0.08961482770824254
4,67,0.228973495295013,0.023093737716545677,0.0704526710864582,1.4904737489503188
4,68,0.15839410182723485,0.0006523455047963565,0.04057226339118948,0.11942406380370808
4,69,0.23182353444411907,0.09107648575843962,0.14756612471669683,1.43256267363087
4,70,0.14270727034052147,0.3358263631317958,0.4472570472553237,0.12191252603226664
4,71,0.4760311607890925,0.0070709603369336444,0.002320983149661926,1.5771827994910081
4,72,0.49118903369438566,0.008450425477935546,0.011292282633109801,0.054178492409226064
4,73,0.5726557784787929,0.2591442480816275,0.004688294307059547,1.1420187607981327
4,74,0.2095485720854464,0.023183400997433625,0.0011176272803858393,4.984679053432045
4,75,3.408405676282389,1.1238058161409477,1.7815748166069931,0.9642405458969969
4,76,5.892949319453414,6.582295275570807,6.082421512691157,5.502219449978543
4,77,0.23317487788469093,1.7594309952233886,1.2840482819865107,1.3008412145849235
4,78,2.800673436712265,1.7853848699136794,1.9160172184625521,0.32883756261719194
4,79,0.30443403615369763,0.4755532467041205,0.19249830059258477,1.9526801544787646
4,80,1.064728984852702,1.5561467257529635,1.0002012726311458,0.008752414447593344
4,81,0.4486168645226804,0.11967976481068744,0.12501503035711056,0.4760205282934882
4,82,0.05802817265835022,0.38736391089345884,0.34707676809018845,0.9314109355450146
4,83,0.012698876972586134,1.9205263491695106,1.0738625744542676,1.9119752548712656
4,84,0.23045773663372096,0.38152571000522145,0.13742074544386873,0.24401084134645196
4,85,0.040915619388692696,0.011644412533715969,0.08948773771548302,1.6083149732399202
4,86,2.0484301531523377,1.5663497227970073,1.190818096784315,3.460124081121568
4,87,0.32958097160339267,0.08883768729329004,0.003052554348476693,0.09195699490951384
4,88,0.9242102348136839,0.2819259129759605,0.2890794362055088,0.6271867851869555
4,89,1.140224413645205,1.643334159263816,2.466491864650004,5.250015539945625
4,90,0.11464169652782051,0.016299339035606715,0.08112194902309214,3.393303900193321
4,91,1.021462193436271,0.11351833826106522,0.1991172340841941,0.13799951246699588
4,92,0.06518764156061546,0.0610414088873972,0.1187161418457328,8.080504070546699
4,93,1.4933726865578405,3.068179114931733,2.5943612141450183,4.719658371197353
4,94,0.12904800726637872,1.074699155766264,0.46530100861343143,1.0326084383385765
4,95,1.060841723832559,0.9043492301114355,1.305104603231909,0.012207352988155467
4,96,2.976541164816003,1.139645384403329,1.2079443977411286,0.43021519488139554
4,97,0.945690151390809,0.08132640976406433,0.3175228221481925,0.05201670930118025
4,98,0.007564926487886287,0.8130125143937138,0.40822661495182144,0.9860287272010091
4,99,2.7467092297445217,0.6468946627648142,1.7866657436466011,12.813905542282413
5,0,0.6009698647455716,0.8757781032879264,0.938502388304585,0.31152002114246247
5,1,0.0008715161970261284,0.24506090653786142,0.2260983049838746,0.0822924073369209
5,2,0.12780509858677314,0.0014066079934528563,0.0019794809162496057,0.12421676567911476
5,3,0.5429751131271704,0.8744343166147054,1.0517859569012817,5.0820102522696615
5,4,0.3699731433596248,0.21068281490898919,0.6386397480273229,5.784179922329639
5,5,0.9895393153782909,0.32090130928278715,0.13297469243143445,0.7018220064186356
5,6,1.0349083733405586,2.7504420489417174,1.7296288210642352,3.6324024355253517
5,7,0.403379242249346,0.686135762729551,0.2826323217049674,1.0996015102633725
5,8,0.3193961009855208,0.003879411514461675,0.02487991983367927,1.12215411687087
5,9,1.9159171580654677,1.352592446464448,0.575782123086293,2.34985444728649
5,10,1.1159198213443342,2.8296441468720466,2.89567852343024,7.603709614302954
5,11,1.515213882356706,1.6409260201219837,1.0552138049665876,8.100387105727739
5,12,0.43683821012408086,0.015632035288399914,0.052805643051287196,0.6967282105468035
5,13,0.8368330706007526,0.6379691445111529,0.5708114033888126,5.347453738422365
5,14,0.947671609753985,1.6071625708902861,1.9825144026865902,7.961300000617314
5,15,0.025851744556961105,0.6539095959316157,0.6419402121566304,2.97424514031425
5,16,0.01570348804020528,0.09984918055836405,0.17247341381845332,0.10692570670409998
5,17,0.6047968556507594,1.1678237449476543,1.2831544252125757,0.14759947197596765
5,18,0.18973698011914408,0.33952904845657567,0.34895867588686924,0.17284162879922987
5,19,0.13653165651581958,0.21367753075439902,0.34815122513875274,2.4570559720961413
5,20,0.5578512858643657,0.6577024488497724,0.7542462071517386,1.1002805908138198
5,21,0.08075849335643358,0.39636101499973125,0.43487453823199135,3.154046780758152
5,22,0.2519882514783148,0.00021358379353840455,0.01428287849886812,0.8837338546123806
5,23,0.6574626368308073,0.0008921634475406168,0.029933263437314915,0.04614442403160986
5,24,0.346862216278288,0.830158694809724,1.0713733158196377,0.7726115509622637
5,25,0.005484268438469266,0.08476963140111175,0.24989322941957498,0.0007289860072529983
5,26,1.5574289625362978,0.972738890521732,1.217740708065997,0.9491427540518562
5,27,2.4006383932706488,1.13817782267386,1.423268085916636,1.6174764723394468
5,28,0.0004326302598328392,0.1605991582219697,0.21594078203199726,1.220338512809487
5,29,0.0603615561761599,0.004979818336340101,0.0018840281931532955,0.012391705113183537
5,30,0.1934105182838735,0.03115960667385404,0.01677241443331521,0.3973992309745331
5,31,1.1190690580657794,0.06193891877982695,0.0010670188805475711,2.6480831356720627
5,32,3.25182685322764,0.7544253939898298,0.43751993177326115,3.8765897792292345
5,33,0.05985912191167125,0.20557969732617717,0.25493327169009994,0.9972250446777454
5,34,0.29749624093951843,0.005874801750536914,0.015163765940984406,0.0012384261568785526
5,35,0.3275922105661428,0.6389602251766616,0.5412412471098679,0.6955111787321033
5,36,0.5203989719347668,0.2858324048058848,0.424368396145983,11.071439384293353
5,37,0.13451345704602707,0.7917383413704181,0.769559827440492,0.10874137121932773
5,38,0.8431165491541502,0.1310015020573982,0.11748459912439549,0.7968081230418486
5,39,2.380809918296976,0.18212480850894067,0.09937271084828911,0.15228658593706054
5,40,0.3239540785326043,0.6838122812119134,0.6555119184419496,1.4874499788917026
5,41,0.01494660707881804,0.3498048975951261,0.4366085237155482,0.005877751212819962
5,42,1.8481574675184937,0.36319557414269754,0.5970756744428921,0.4875800138489472
5,43,0.43691505451791196,0.47421205050675985,0.13164107934642597,0.2301515204440849
5,44,1.0639828194436434,0.14842010741323075,0.38613780997116914,0.13148586805633652
5,45,0.10367887036743559,0.1750319117828741,0.29715150009533003,1.4164667833079911
5,46,1.1973145948538177,0.03894959632337343,0.10609224450494913,1.1800167399423251
5,47,0.7255754020930273,0.00641736529585457,0.0021083867587402666,0.19828821346756334
5,48,1.1414850715511973,1.0442248092242705,1.1949551860160634,2.01925164450768
5,49,0.7890526386160193,0.02065719143526533,0.15461151305022647,2.9388496745872534
5,50,5.269033312994341,5.236029332006468,4.401842258192237,4.585323979153607
5,51,0.724264686560252,0.09950529847972721,0.09595883186316209,1.493104356362212
5,52,1.265473811442353,0.5635307831662859,1.4681468406989548,0.7596513593267794
5,53,0.057514845506551,0.7362222891584661,0.7081667612479547,0.7253874966509551
5,54,0.3373813883341677,0.06410615166121537,0.3183446244242907,1.2307620085210167
5,55,0.35003049427512695,1.0758001262746697,0.9801270663475306,5.337415868458731
5,56,3.215991745543388,2.0794462844806842,3.299481433907812,0.30004999599631244
5,57,0.6466816740867602,0.41685827139713594,0.22026065715593124,0.2693887591196842
5,58,0.25136534045575804,0.5843998333347602,0.6803862896639363,0.5826355739890878
5,59,0.032135378444870376,0.2503841099525881,0.40029577826119284,1.2574391991366989
5,60,0.02691534505494329,0.001778909460307042,0.003999776845438601,0.28835072753069463
5,61,1.6605544007181785,0.8156638777400488,0.9316048038579191,0.011880739211210491
5,62,0.5385105296158553,0.8134009214532752,1.0667737355520157,0.5361938259258547
5,63,0.16109015439113067,0.6424232053346766,0.8120328851060895,1.980894186283255
5,64,0.19008511295383737,0.08558174494524874,0.07178048793053403,3.300455779545084
5,65,2.5234857210807586,3.601165539410413,3.115223515148898,1.75970163420249
5,66,0.8267519516610317,0.1918252761465588,0.32905523589549857,0.010020914128373744
5,67,0.228973495295013,0.023093737716545677,0.0704526710864582,3.678811167443481
5,68,0.15839410182723415,0.0006523455047963565,0.04057226339118948,0.3519338316518535
5,69,0.23182353444411866,0.09107648575843962,0.14756612471669683,0.7713430442255725
5,70,0.14270727034052214,0.3358263631317958,0.4472570472553237,0.1219189509187327
5,71,0.4760311607890925,0.0070709603369336444,0.002320983149661926,0.5822461855579995
5,72,0.49118903369438566,0.008450425477935546,0.011292282633109801,0.048380242346705835
5,73,0.5726557784787916,0.2591442480816275,0.004688294307059547,1.0644099241852851
5,74,0.2095485720854464,0.023183400997433625,0.0011176272803858393,59.60367140974343
5,75,3.4084056762823907,1.1238058161409477,1.7815748166069931,0.13436797521702384
5,76,5.892949319453414,6.582295275570807,6.082421512691157,7.833210614243635
5,77,0.23317487788469093,1.7594309952233886,1.2840482819865107,2.4682004215407694
5,78,2.8006734367122683,1.7853848699136794,1.9160172184625521,1.6167661683120635
5,79,0.30443403615369663,0.4755532467041205,0.19249830059258477,0.5902261329036861
5,80,1.064728984852702,1.5561467257529635,1.0002012726311458,4.160368367502922e-05
5,81,0.44861686452267924,0.11967976481068744,0.12501503035711056,0.29378658026672233
5,82,0.05802817265834979,0.38736391089345884,0.34707676809018845,1.8172793815397892
5,83,0.012698876972585935,1.9205263491695106,1.0738625744542676,0.8351040470496115
5,84,0.23045773663372182,0.38152571000522145,0.13742074544386873,1.914023909748771
5,85,0.040915619388692696,0.011644412533715969,0.08948773771548302,0.00624020189225195
5,86,2.048430153152333,1.5663497227970073,1.190818096784315,0.01782969718500326
5,87,0.32958097160339417,0.08883768729329004,0.003052554348476693,0.026810671335863134
5,88,0.9242102348136839,0.2819259129759605,0.2890794362055088,4.195710388544307
5,89,1.140224413645203,1.643334159263816,2.466491864650004,7.8550120129348
5,90,0.11464169652782051,0.016299339035606715,0.08112194902309214,2.035305875066833
5,91,1.021462193436271,0.11351833826106522,0.1991172340841941,7.266479751051747e-05
5,92,0.06518764156061546,0.0610414088873972,0.1187161418457328,5.736797047300899
5,93,1.4933726865578405,3.068179114931733,2.5943612141450183,12.775554862513571
5,94,0.12904800726637872,1.074699155766264,0.46530100861343143,13.784811659470087
5,95,1.0608417238325571,0.9043492301114355,1.305104603231909,0.44497270537563055
5,96,2.9765411648160063,1.139645384403329,1.2079443977411286,4.122336450178114
5,97,0.945690151390809,0.08132640976406433,0.3175228221481925,0.004473526322907969
5,98,0.007564926487886133,0.8130125143937138,0.40822661495182144,7.732850345503472
5,99,2.746709229744525,0.6468946627648142,1.7866657436466011,0.1721046723600117
6,0,0.6009698647455716,0.8757781032879264,0.938502388304585,0.8154952102588829
6,1,0.0008715161970261284,0.24506090653786142,0.2260983049838746,0.4583735163185103
6,2,0.12780509858677314,0.0014066079934528563,0.0019794809162496057,9.450520952803628e-05
6,3,0.5429751131271717,0.8744343166147054,1.0517859569012817,2.701958642560477
6,4,0.3699731433596237,0.21068281490898919,0.6386397480273229,64.10685970140496
6,5,0.9895393153782892,0.32090130928278715,0.13297469243143445,0.5161726295263922
6,6,1.0349083733405569,2.7504420489417174,1.7296288210642352,1.7391035250614426
6,7,0.403379242249346,0.686135762729551,0.2826323217049674,1.4407595383078278
6,8,0.3193961009855218,0.003879411514461675,0.02487991983367927,0.29156049559473046
6,9,1.9159171580654653,1.352592446464448,0.575782123086293,1.6373417733728473
6,10,3.222265146336639,2.8296441468720466,2.89567852343024,8.2822852305615
6,11,1.515213882356706,1.6409260201219837,1.0552138049665876,6.886191657929762
6,12,0.43683821012408086,0.015632035288399914,0.052805643051287196,1.208612434032829
6,13,0.836833070600751,0.6379691445111529,0.5708114033888126,0.2523010968791145
6,14,0.9476716097539816,1.6071625708902861,1.9825144026865902,0.30135153698151984
6,15,0.02585174455696139,0.6539095959316157,0.6419402121566304,2.987721657663779
6,16,0.01570348804020528,0.09984918055836405,0.17247341381845332,0.12011361006244378
6,17,0.6047968556507579,1.1678237449476543,1.2831544252125757,0.3241102763185813
6,18,0.18973698011914408,0.33952904845657567,0.34895867588686924,0.8228531019133426
6,19,0.13653165651581958,0.21367753075439902,0.34815122513875274,0.6170258045372874
6,20,0.557851285864367,0.6577024488497724,0.7542462071517386,1.1614346973508147
6,21,0.08075849335643408,0.39636101499973125,0.43487453823199135,0.17029111870221472
6,22,0.2519882514783148,0.00021358379353840455,0.01428287849886812,0.42716866776087814
6,23,0.6574626368308073,0.0008921634475406168,0.029933263437314915,4.800442664459086
6,24,0.346862216278288,0.830158694809724,1.0713733158196377,0.1855735700208137
6,25,0.005484268438469266,0.08476963140111175,0.24989322941957498,7.23040731663996e-05
6,26,1.5574289625363,0.972738890521732,1.217740708065997,0.3753880535529068
6,27,2.4006383932706488,1.13817782267386,1.423268085916636,4.034471794662123
6,28,0.0004326302598328392,0.1605991582219697,0.21594078203199726,1.3352473595951626
6,29,0.06036155617616034,0.004979818336340101,0.0018840281931532955,0.07273841516045595
6,30,0.1934105182838727,0.03115960667385404,0.01677241443331521,0.7351407378525445
6,31,1.1190690580657794,0.06193891877982695,0.0010670188805475711,0.14249722209037805
6,32,3.251826853227637,0.7544253939898298,0.43751993177326115,0.8124388505292343
6,33,0.05985912191167081,0.20557969732617717,0.25493327169009994,1.4929945563409994
6,34,0.29749624093951843,0.005874801750536914,0.015163765940984406,0.028641680854194378
6,35,0.3275922105661418,0.6389602251766616,0.5412412471098679,0.6048742698109842
6,36,0.5203989719347668,0.2858324048058848,0.424368396145983,2.188795702155544
6,37,0.13451345704602774,0.7917383413704181,0.769559827440492,1.199579021567906
6,38,0.8431165491541502,0.1310015020573982,0.11748459912439549,0.18373363576829704
6,39,2.3808099182969773,0.18212480850894067,0.09937271084828911,0.01682894988777423
6,40,0.3239540785326043,0.6838122812119134,0.6555119184419496,0.22336130599007625
6,41,0.01494660707881804,0.3498048975951261,0.4366085237155482,0.0050905481023033276
6,42,1.8481574675184962,0.36319557414269754,0.5970756744428921,3.4743370781090195
6,43,0.43691505451791435,0.47421205050675985,0.13164107934642597,0.0009982586786538633
6,44,1.0639828194436434,0.14842010741323075,0.38613780997116914,0.2155615598589639
6,45,0.10367887036743616,0.1750319117828741,0.29715150009533003,0.4525404396418185
6,46,1.1973145948538177,0.03894959632337343,0.10609224450494913,13.676138647883768
6,47,0.7255754020930257,0.00641736529585457,0.0021083867587402666,0.5501189647553355
6,48,1.1414850715511973,1.0442248092242705,1.1949551860160634,1.0650151476120304
6,49,0.7890526386160193,0.02065719143526533,0.15461151305022647,7.727930622571162
6,50,5.2690333129943365,5.236029332006468,4.401842258192237,5.457906471883373
6,51,0.7242646865602504,0.09950529847972721,0.09595883186316209,2.1396163879597143
6,52,1.265473811442353,0.5635307831662859,1.4681468406989548,1.9434058054350096
6,53,0.057514845506551,0.7362222891584661,0.7081667612479547,0.08320534144528487
6,54,0.3373813883341667,0.06410615166121537,0.3183446244242907,0.19101188927076074
6,55,0.350030494275128,1.0758001262746697,0.9801270663475306,1.1866333269345362
6,56,3.215991745543385,2.0794462844806842,3.299481433907812,0.011750835299511158
6,57,0.6466816740867602,0.41685827139713594,0.22026065715593124,3.3782236401760892
6,58,0.25136534045575804,0.5843998333347602,0.6803862896639363,1.5529651452990298
6,59,0.032135378444870376,0.2503841099525881,0.40029577826119284,0.9991387897976485
6,60,0.026915345054943,0.001778909460307042,0.003999776845438601,0.44264284690360106
6,61,1.6605544007181832,0.8156638777400488,0.9316048038579191,0.0001363996182946969
6,62,0.5385105296158567,0.8134009214532752,1.0667737355520157,0.49488573548038156
6,63,0.16109015439113136,0.6424232053346766,0.8120328851060895,1.6815814590707447
6,64,0.19008511295383737,0.08558174494524874,0.07178048793053403,0.032134593828807595
6,65,2.5234857210807586,3.601165539410413,3.115223515148898,1.1835868373949388
6,66,0.8267519516610332,0.1918252761465588,0.32905523589549857,0.5139267546671197
6,67,0.228973495295013,0.023093737716545677,0.0704526710864582,1.8682750303884812
6,68,0.15839410182723415,0.0006523455047963565,0.04057226339118948,1.1195271131968214
6,69,0.23182353444411993,0.09107648575843962,0.14756612471669683,0.0008108300887560753
6,70,0.14270727034052147,0.3358263631317958,0.4472570472553237,0.0009961766334577137
6,71,0.47603116078909374,0.0070709603369336444,0.002320983149661926,0.6853038964458346
6,72,0.49118903369438566,0.008450425477935546,0.011292282633109801,0.4612611748714492
6,73,0.5726557784787929,0.2591442480816275,0.004688294307059547,0.271567972792044
6,74,0.20954857208544558,0.023183400997433625,0.0011176272803858393,1.14163019714183
6,75,3.4084056762823907,1.1238058161409477,1.7815748166069931,0.055876672114689024
6,76,5.892949319453418,6.582295275570807,6.082421512691157,7.1794275205109965
6,77,0.23317487788469093,1.7594309952233886,1.2840482819865107,2.25191511560165
6,78,2.8006734367122683,1.7853848699136794,1.9160172184625521,6.368764685058597
6,79,0.30443403615369663,0.4755532467041205,0.19249830059258477,3.3392223906538145
6,80,1.064728984852702,1.5561467257529635,1.0002012726311458,0.0005498254277732666
6,81,0.4486168645226804,0.11967976481068744,0.12501503035711056,0.2732030180153125
6,82,0.05802817265835022,0.38736391089345884,0.34707676809018845,0.6685491041337198
6,83,0.012698876972585935,1.9205263491695106,1.0738625744542676,4.558269608405019
6,84,0.23045773663372182,0.38152571000522145,0.13742074544386873,0.01572895997226033
6,85,0.040915619388692696,0.011644412533715969,0.08948773771548302,0.06523899442890789
6,86,2.048430153152333,1.5663497227970073,1.190818096784315,4.669058440653811
6,87,0.32958097160339267,0.08883768729329004,0.003052554348476693,0.7150261513511899
6,88,0.9242102348136823,0.2819259129759605,0.2890794362055088,1.9418096821199236
6,89,1.1402244136452069,1.643334159263816,2.466491864650004,0.9053414363669553
6,90,0.11464169652782051,0.016299339035606715,0.08112194902309214,2.3708467970469997
6,91,1.021462193436271,0.11351833826106522,0.1991172340841941,0.02536841022402679
6,92,0.06518764156061592,0.0610414088873972,0.1187161418457328,12.600230426573892
6,93,1.4933726865578405,3.068179114931733,2.5943612141450183,4.197094926247681
6,94,0.12904800726637872,1.074699155766264,0.46530100861343143,2.630985516698033
6,95,1.0608417238325571,0.9043492301114355,1.305104603231909,0.02647595648529532
6,96,2.976541164816003,1.139645384403329,1.2079443977411286,9.760776830597619
6,97,0.9456901513908073,0.08132640976406433,0.3175228221481925,0.033156299155166824
6,98,0.007564926487886287,0.8130125143937138,0.40822661495182144,0.4434988965779461
6,99,2.746709229744525,0.6468946627648142,1.7866657436466011,0.009722346871718756
7,0,0.6009698647455716,0.8757781032879264,0.938502388304585,5.971156182207291
7,1,0.0008715161970261284,0.24506090653786142,0.2260983049838746,0.0019085632034232677
7,2,0.10336377326487375,0.0014066079934528563,0.0019794809162496057,0.01979390241866433
7,3,0.5429751131271704,0.8744343166147054,1.0517859569012817,5.055191280928151
7,4,0.3699731433596237,0.21068281490898919,0.6386397480273229,0.27121148149915936
7,5,0.9895393153782892,0.32090130928278715,0.13297469243143445,0.7306992543310779
7,6,1.0349083733405569,2.7504420489417174,1.7296288210642352,1.5289435636836033
7,7,0.4033792422493449,0.686135762729551,0.2826323217049674,2.954043105123477
7,8,0.3193961009855218,0.003879411514461675,0.02487991983367927,2.588058037679879
7,9,1.9159171580654677,1.352592446464448,0.575782123086293,0.0743060698745711
7,10,3.222265146336636,2.8296441468720466,2.89567852343024,3.6631976374365043
7,11,1.5152138823567083,1.6409260201219837,1.0552138049665876,0.2610355653662388
7,12,0.436838210124082,0.015632035288399914,0.052805643051287196,0.1588390060568009
7,13,0.8368330706007493,0.6379691445111529,0.5708114033888126,3.821603753996571
7,14,0.9476716097539832,1.6071625708902861,1.9825144026865902,7.956739425911024
7,15,0.02585174455696139,0.6539095959316157,0.6419402121566304,8.29346515837356
7,16,0.01570348804020506,0.09984918055836405,0.17247341381845332,0.004912898915162366
7,17,0.6047968556507594,1.1678237449476543,1.2831544252125757,0.9177859808988675
7,18,0.18973698011914408,0.33952904845657567,0.34895867588686924,0.6591194092628613
7,19,0.13653165651581958,0.21367753075439902,0.34815122513875274,0.6190124675524706
7,20,0.5578512858643657,0.6577024488497724,0.7542462071517386,2.26323779869038
7,21,0.08075849335643408,0.39636101499973125,0.43487453823199135,1.2530129083823316
7,22,0.2519882514783148,0.00021358379353840455,0.01428287849886812,0.1049907753458394
7,23,0.6574626368308059,0.0008921634475406168,0.029933263437314915,0.23526463809800488
7,24,0.34686221627828906,0.830158694809724,1.0713733158196377,0.20673444508229533
7,25,0.005484268438469266,0.08476963140111175,0.24989322941957498,0.7941774004934822
7,26,1.5574289625362978,0.972738890521732,1.217740708065997,5.991625802513776
7,27,2.4006383932706488,1.13817782267386,1.423268085916636,12.881002940472312
7,28,0.0004326302598328392,0.1605991582219697,0.21594078203199726,0.3710560535714051
7,29,0.0603615561761599,0.004979818336340101,0.0018840281931532955,0.00031512779393500824
7,30,0.1934105182838735,0.03115960667385404,0.01677241443331521,4.874152751142358
7,31,1.1190690580657794,0.06193891877982695,0.0010670188805475711,0.03887482203533262
7,32,3.251826853227637,0.7544253939898298,0.43751993177326115,0.33601490291922775
7,33,0.05985912191167081,0.20557969732617717,0.25493327169009994,0.0012401870557517721
7,34,0.2974962409395175,0.005874801750536914,0.015163765940984406,0.06606933898206
7,35,0.3275922105661418,0.6389602251766616,0.5412412471098679,0.2891754537280691
7,36,0.5203989719347668,0.2858324048058848,0.424368396145983,2.293770503238688
7,37,0.13451345704602774,0.7917383413704181,0.769559827440492,0.37587860871469486
7,38,0.8431165491541487,0.1310015020573982,0.11748459912439549,2.5130499088278175
7,39,2.3808099182969773,0.18212480850894067,0.09937271084828911,0.7120066630170702
7,40,0.3239540785326043,0.6838122812119134,0.6555119184419496,0.8926499299743025
7,41,0.014946607078818256,0.3498048975951261,0.4366085237155482,0.0001749796645935527
7,42,1.8481574675184962,0.36319557414269754,0.5970756744428921,1.4922748897390021
7,43,0.43691505451791435,0.47421205050675985,0.13164107934642597,2.5804519987982393
7,44,1.0639828194436434,0.14842010741323075,0.38613780997116914,9.363273789610163
7,45,0.10367887036743616,0.1750319117828741,0.29715150009533003,0.43281613277794595
7,46,1.1973145948538177,0.03894959632337343,0.10609224450494913,5.00117666279682
7,47,0.7255754020930288,0.00641736529585457,0.0021083867587402666,0.018871589624066498
7,48,1.1414850715511993,1.0442248092242705,1.1949551860160634,3.9723084601298404
7,49,0.7890526386160193,0.02065719143526533,0.15461151305022647,2.2579443874399163
7,50,5.2690333129943365,5.236029332006468,4.401842258192237,5.7597094946302905
7,51,0.724264686560252,0.09950529847972721,0.09595883186316209,1.0660248033363637
7,52,1.265473811442353,0.5635307831662859,1.4681468406989548,2.540048949003985
7,53,0.057514845506551,0.7362222891584661,0.7081667612479547,0.42046064589613713
7,54,0.3373813883341677,0.06410615166121537,0.3183446244242907,3.9411392626513804
7,55,0.35003049427512695,1.0758001262746697,0.9801270663475306,0.40821823970850035
7,56,3.215991745543385,2.0794462844806842,3.299481433907812,4.879058374058459
7,57,0.6466816740867617,0.41685827139713594,0.22026065715593124,0.04389648393103991
7,58,0.2513653404557589,0.5843998333347602,0.6803862896639363,0.30257753916101204
7,59,0.032135378444870376,0.2503841099525881,0.40029577826119284,0.06376069477464838
7,60,0.026915345054943,0.001778909460307042,0.003999776845438601,0.03915473152874305
7,61,1.6605544007181785,0.8156638777400488,0.9316048038579191,1.4300717217266246
7,62,0.5385105296158553,0.8134009214532752,1.0667737355520157,0.06854812639086114
7,63,0.16109015439113136,0.6424232053346766,0.8120328851060895,2.201354164487859
7,64,0.1900851129538366,0.08558174494524874,0.07178048793053403,28.170451522086406
7,65,2.5234857210807586,3.601165539410413,3.115223515148898,1.6641567306652716
7,66,0.8267519516610317,0.1918252761465588,0.32905523589549857,0.0009137106385911453
7,67,0.22897349529501387,0.023093737716545677,0.0704526710864582,0.18090457466040266
7,68,0.15839410182723415,0.0006523455047963565,0.04057226339118948,0.005163962795894767
7,69,0.23182353444411907,0.09107648575843962,0.14756612471669683,0.26693756334146074
7,70,0.14270727034052214,0.3358263631317958,0.4472570472553237,0.01724113607564883
7,71,0.47603116078909374,0.0070709603369336444,0.002320983149661926,0.22803521182098246
7,72,0.49118903369438693,0.008450425477935546,0.011292282633109801,1.3803584989142397
7,73,0.5726557784787929,0.2591442480816275,0.004688294307059547,3.6048712683408124
7,74,0.2095485720854464,0.023183400997433625,0.0011176272803858393,10.848176743508974
7,75,3.4084056762823907,1.1238058161409477,1.7815748166069931,0.979728063683042
7,76,5.892949319453414,6.582295275570807,6.082421512691157,6.463236960558697
7,77,0.23317487788469093,1.7594309952233886,1.2840482819865107,1.606721235244271
7,78,2.800673436712265,1.7853848699136794,1.9160172184625521,6.752432713844128
7,79,0.30443403615369663,0.4755532467041205,0.19249830059258477,8.351088433674297
7,80,1.064728984852702,1.5561467257529635,1.0002012726311458,0.308421802873795
7,81,0.4486168645226804,0.11967976481068744,0.12501503035711056,0.0008511876660579969
7,82,0.05802817265834979,0.38736391089345884,0.34707676809018845,1.6450790592051574
7,83,0.012698876972585935,1.9205263491695106,1.0738625744542676,1.4677284131762927
7,84,0.23045773663372265,0.38152571000522145,0.13742074544386873,0.6241917841432444
7,85,0.040915619388692696,0.011644412533715969,0.08948773771548302,0.0019514276388062923
7,86,2.048430153152335,1.5663497227970073,1.190818096784315,0.39409460207843566
7,87,0.32958097160339267,0.08883768729329004,0.003052554348476693,4.059642627553052
7,88,0.9242102348136857,0.2819259129759605,0.2890794362055088,0.12460136885280919
7,89,1.1402244136452069,1.643334159263816,2.466491864650004,2.8242878184149482
7,90,0.11464169652782051,0.016299339035606715,0.08112194902309214,9.502426712195906
7,91,1.021462193436271,0.11351833826106522,0.1991172340841941,0.011125953301182134
7,92,0.06518764156061546,0.0610414088873972,0.1187161418457328,6.737797891028536
7,93,1.4933726865578425,3.068179114931733,2.5943612141450183,16.51733793126408
7,94,0.12904800726637872,1.074699155766264,0.46530100861343143,0.5039831973111988
7,95,1.0608417238325571,0.9043492301114355,1.305104603231909,0.009343492762151443
7,96,2.9765411648160063,1.139645384403329,1.2079443977411286,7.324887647462552
7,97,0.9456901513908073,0.08132640976406433,0.3175228221481925,0.007213547843522383
7,98,0.007564926487886133,0.8130125143937138,0.40822661495182144,6.8189913694706386
7,99,2.746709229744525,0.6468946627648142,1.7866657436466011,4.444840277851305
8,0,0.6009698647455716,0.8757781032879264,0.938502388304585,2.100010589307272
8,1,0.0008715161970261284,0.24506090653786142,0.2260983049838746,1.1662645063598045
8,2,0.12780509858677314,0.0014066079934528563,0.0019794809162496057,0.094635684263176
8,3,0.5429751131271717,0.8744343166147054,1.0517859569012817,0.18539437743662568
8,4,0.3699731433596237,0.21068281490898919,0.6386397480273229,0.4452783317218303
8,5,0.9895393153782874,0.32090130928278715,0.13297469243143445,1.0127491143672682
8,6,1.0349083733405569,2.7504420489417174,1.7296288210642352,0.0014260198451036
8,7,0.4033792422493449,0.686135762729551,0.2826323217049674,0.8360869623906557
8,8,0.3193961009855218,0.003879411514461675,0.02487991983367927,1.0326281896246368
8,9,1.9159171580654677,1.352592446464448,0.575782123086293,1.6172083777056931
8,10,3.222265146336639,2.8296441468720466,2.89567852343024,2.566994818611122
8,11,1.515213882356706,1.6409260201219837,1.0552138049665876,7.524860788882733
8,12,0.43683821012408086,0.015632035288399914,0.052805643051287196,1.183892012674848
8,13,0.836833070600751,0.6379691445111529,0.5708114033888126,0.5617180802665266
8,14,0.9476716097539832,1.6071625708902861,1.9825144026865902,6.307442289031502
8,15,0.02585174455696139,0.6539095959316157,0.6419402121566304,0.26946024217706604
8,16,0.01570348804020506,0.09984918055836405,0.17247341381845332,0.0034338933954749322
8,17,0.6047968556507594,1.1678237449476543,1.2831544252125757,0.6313270586159675
8,18,0.18973698011914408,0.33952904845657567,0.34895867588686924,0.2244953306169361
8,19,0.13653165651581892,0.21367753075439902,0.34815122513875274,9.605184234334827
8,20,0.5578512858643657,0.6577024488497724,0.7542462071517386,5.347299770698334
8,21,0.08075849335643306,0.39636101499973125,0.43487453823199135,0.09599173730395656
8,22,0.25198825147831566,0.00021358379353840455,0.01428287849886812,2.466556073651349
8,23,0.6574626368308087,0.0008921634475406168,0.029933263437314915,0.2396838878638582
8,24,0.34686221627828906,0.830158694809724,1.0713733158196377,0.05953693631757087
8,25,0.005484268438469266,0.08476963140111175,0.24989322941957498,0.004595389105651789
8,26,1.5574289625363,0.972738890521732,1.217740708065997,0.09623874478516027
8,27,2.4006383932706488,1.13817782267386,1.423268085916636,3.286512438873749
8,28,0.0004326302598328392,0.1605991582219697,0.21594078203199726,0.5349840800121555
8,29,0.06036155617616078,0.004979818336340101,0.0018840281931532955,0.0003862376921640896
8,30,0.1934105182838735,0.03115960667385404,0.01677241443331521,0.0003351432212331122
8,31,1.1190690580657794,0.06193891877982695,0.0010670188805475711,0.03739252569764894
8,32,3.251826853227637,0.7544253939898298,0.43751993177326115,0.7073568265801622
8,33,0.05985912191167081,0.20557969732617717,0.25493327169009994,0.012474748625955344
8,34,0.2974962409395175,0.005874801750536914,0.015163765940984406,0.005961343430332487
8,35,0.3275922105661418,0.6389602251766616,0.5412412471098679,0.12401192815330694
8,36,0.5203989719347668,0.2858324048058848,0.424368396145983,1.5167778949261375
8,37,0.13451345704602707,0.7917383413704181,0.769559827440492,0.1902031788339713
8,38,0.8431165491541502,0.1310015020573982,0.11748459912439549,0.9595581934569115
8,39,2.380809918296976,0.18212480850894067,0.09937271084828911,1.0171046917101743
8,40,0.3239540785326043,0.6838122812119134,0.6555119184419496,0.27545546844036606
8,41,0.01494660707881804,0.3498048975951261,0.4366085237155482,0.009639425427242217
8,42,1.8481574675184962,0.36319557414269754,0.5970756744428921,0.5829070633735322
8,43,0.4369150545179132,0.47421205050675985,0.13164107934642597,1.231614304883331
8,44,1.0639828194436434,0.14842010741323075,0.38613780997116914,1.1510154755585549
8,45,0.10367887036743616,0.1750319117828741,0.29715150009533003,5.15294449295275
8,46,1.1973145948538197,0.03894959632337343,0.10609224450494913,6.003207525050509
8,47,0.7255754020930288,0.00641736529585457,0.0021083867587402666,1.280299025196147
8,48,1.1414850715511993,1.0442248092242705,1.1949551860160634,2.1407271766895986
8,49,0.7890526386160193,0.02065719143526533,0.15461151305022647,1.5254430567142143
8,50,5.269033312994341,5.236029332006468,4.401842258192237,7.82018045106692
8,51,0.724264686560252,0.09950529847972721,0.09595883186316209,0.546521455852644
8,52,1.265473811442355,0.5635307831662859,1.4681468406989548,2.7645089370471885
8,53,0.057514845506551,0.7362222891584661,0.7081667612479547,0.11191570740224867
8,54,0.3373813883341667,0.06410615166121537,0.3183446244242907,0.2179167326127606
8,55,0.35003049427512906,1.0758001262746697,0.9801270663475306,1.4532293686494895
8,56,3.215991745543388,2.0794462844806842,3.299481433907812,0.034819417193635446
8,57,0.6466816740867617,0.41685827139713594,0.22026065715593124,0.5350330660628356
8,58,0.25136534045575804,0.5843998333347602,0.6803862896639363,0.5686020590283095
8,59,0.032135378444870376,0.2503841099525881,0.40029577826119284,4.927525549437362
8,60,0.026915345054943,0.001778909460307042,0.003999776845438601,0.3756675421928807
8,61,1.6605544007181785,0.8156638777400488,0.9316048038579191,0.6516834693394138
8,62,0.5385105296158553,0.8134009214532752,1.0667737355520157,0.8343777141151603
8,63,0.16109015439113136,0.6424232053346766,0.8120328851060895,2.567601274596429
8,64,0.1900851129538366,0.08558174494524874,0.07178048793053403,13.116237406321709
8,65,2.5234857210807586,3.601165539410413,3.115223515148898,0.942801842992394
8,66,0.8267519516610317,0.1918252761465588,0.32905523589549857,0.7215236739858579
8,67,0.228973495295013,0.023093737716545677,0.0704526710864582,0.0016439026065310774
8,68,0.15839410182723485,0.0006523455047963565,0.04057226339118948,0.15992733148067959
8,69,0.23182353444411993,0.09107648575843962,0.14756612471669683,0.05304117403485088
8,70,0.14270727034052283,0.3358263631317958,0.4472570472553237,0.2595824909171063
8,71,0.4760311607890925,0.0070709603369336444,0.002320983149661926,1.4659975843379454
8,72,0.49118903369438566,0.008450425477935546,0.011292282633109801,1.629640423019561
8,73,0.5726557784787929,0.2591442480816275,0.004688294307059547,3.2580404044989435
8,74,0.2095485720854464,0.023183400997433625,0.0011176272803858393,43.41595584313344
8,75,3.4084056762823907,1.1238058161409477,1.7815748166069931,0.025798774556109686
8,76,5.892949319453414,6.582295275570807,6.082421512691157,7.976026599991444
8,77,0.23317487788469138,1.7594309952233886,1.2840482819865107,7.363800100183201
8,78,2.8006734367122683,1.7853848699136794,1.9160172184625521,2.1317275921345322
8,79,0.30443403615369663,0.4755532467041205,0.19249830059258477,15.186012865730367
8,80,1.064728984852702,1.5561467257529635,1.0002012726311458,4.198275636325998
8,81,0.4486168645226804,0.11967976481068744,0.12501503035711056,0.054402038555571616
8,82,0.05802817265835022,0.38736391089345884,0.34707676809018845,0.9178778077513309
8,83,0.012698876972586134,1.9205263491695106,1.0738625744542676,1.7320805127131131
8,84,0.23045773663372182,0.38152571000522145,0.13742074544386873,1.342291704262722
8,85,0.040915619388692696,0.011644412533715969,0.08948773771548302,0.12961279558407787
8,86,2.048430153152335,1.5663497227970073,1.190818096784315,0.38648841317930455
8,87,0.32958097160339367,0.08883768729329004,0.003052554348476693,0.5452689654958837
8,88,0.9242102348136839,0.2819259129759605,0.2890794362055088,1.141401922450254
8,89,1.1402244136452069,1.643334159263816,2.466491864650004,8.185999351147363
8,90,0.11464169652782051,0.016299339035606715,0.08112194902309214,0.6027320897352294
8,91,1.021462193436271,0.11351833826106522,0.1991172340841941,0.0457884295746725
8,92,0.06518764156061592,0.0610414088873972,0.1187161418457328,0.8808466653910352
8,93,1.4933726865578405,3.068179114931733,2.5943612141450183,12.008323078296488
8,94,0.12904800726637872,1.074699155766264,0.46530100861343143,1.5501069649592205
8,95,1.060841723832559,0.9043492301114355,1.305104603231909,0.5926410099761207
8,96,2.9765411648160063,1.139645384403329,1.2079443977411286,2.567196255366279
8,97,0.9456901513908073,0.08132640976406433,0.3175228221481925,0.13146635330459427
8,98,0.007564926487886133,0.8130125143937138,0.40822661495182144,8.83870566464707
8,99,2.7467092297445217,0.6468946627648142,1.7866657436466011,0.010147531674704528
9,0,0.6009698647455716,0.8757781032879264,0.938502388304585,4.585962339731663
9,1,0.0008715161970261284,0.24506090653786142,0.2260983049838746,0.14905068327460963
9,2,0.12780509858677314,0.0014066079934528563,0.0019794809162496057,0.8903535105441134
9,3,0.5429751131271704,0.8744343166147054,1.0517859569012817,0.30991734774723506
9,4,0.3699731433596259,0.21068281490898919,0.6386397480273229,0.7095487631784921
9,5,0.9895393153782892,0.32090130928278715,0.13297469243143445,0.42409291813436617
9,6,1.0349083733405569,2.7504420489417174,1.7296288210642352,0.003915962781182736
9,7,0.403379242249346,0.686135762729551,0.2826323217049674,2.0117567748956633
9,8,0.3193961009855218,0.003879411514461675,0.02487991983367927,1.1699403185551975
9,9,1.9159171580654677,1.352592446464448,0.575782123086293,0.32135199011725957
9,10,1.1159198213443322,2.8296441468720466,2.89567852343024,3.58485194294839
9,11,1.515213882356706,1.6409260201219837,1.0552138049665876,7.552183669854692
9,12,0.43683821012408086,0.015632035288399914,0.052805643051287196,1.5063571519898944
9,13,0.836833070600751,0.6379691445111529,0.5708114033888126,0.7025625799442076
9,14,0.9476716097539816,1.6071625708902861,1.9825144026865902,4.455795511676701
9,15,0.02585174455696139,0.6539095959316157,0.6419402121566304,0.5993251711809751
9,16,0.01570348804020528,0.09984918055836405,0.17247341381845332,2.0715300662640378e-05
9,17,0.6047968556507579,1.1678237449476543,1.2831544252125757,0.3129874788755735
9,18,0.18973698011914486,0.33952904845657567,0.34895867588686924,0.46327941684429663
9,19,0.13653165651581958,0.21367753075439902,0.34815122513875274,0.1045159674058999
9,20,0.557851285864367,0.6577024488497724,0.7542462071517386,1.3704960520131444
9,21,0.08075849335643408,0.39636101499973125,0.43487453823199135,1.4296089316533616
9,22,0.25198825147831566,0.00021358379353840455,0.01428287849886812,4.265894557052547
9,23,0.6574626368308073,0.0008921634475406168,0.029933263437314915,1.5349144798247991
9,24,0.34686221627828906,0.830158694809724,1.0713733158196377,0.11937010649292258
9,25,0.005484268438469266,0.08476963140111175,0.24989322941957498,0.0028996061990923076
9,26,1.5574289625363,0.972738890521732,1.217740708065997,6.835444104397931
9,27,2.400638393270646,1.13817782267386,1.423268085916636,1.6127135643054344
9,28,0.0004326302598328392,0.1605991582219697,0.21594078203199726,0.0005356750764947953
9,29,0.06036155617616034,0.004979818336340101,0.0018840281931532955,0.037726624596147305
9,30,0.1934105182838727,0.03115960667385404,0.01677241443331521,1.7634307307837915
9,31,1.1190690580657794,0.06193891877982695,0.0010670188805475711,1.5239290327418569
9,32,3.251826853227637,0.7544253939898298,0.43751993177326115,0.002697084954799336
9,33,0.05985912191167081,0.20557969732617717,0.25493327169009994,0.04607954324736298
9,34,0.29749624093951843,0.005874801750536914,0.015163765940984406,0.006126412905790738
9,35,0.3275922105661428,0.6389602251766616,0.5412412471098679,1.0798490445176057
9,36,0.5203989719347668,0.2858324048058848,0.424368396145983,0.05699050757361352
9,37,0.13451345704602774,0.7917383413704181,0.769559827440492,2.0714332898592117e-05
9,38,0.8431165491541487,0.1310015020573982,0.11748459912439549,2.526571283961114
9,39,2.3808099182969773,0.18212480850894067,0.09937271084828911,0.4147386302496194
9,40,0.3239540785326043,0.6838122812119134,0.6555119184419496,0.029905848316794867
9,41,0.01494660707881804,0.3498048975951261,0.4366085237155482,0.14175646980210396
9,42,1.8481574675184937,0.36319557414269754,0.5970756744428921,0.5025659382834163
9,43,0.4369150545179132,0.47421205050675985,0.13164107934642597,0.678690317463669
9,44,1.0639828194436434,0.14842010741323075,0.38613780997116914,5.295418603822339
9,45,0.10367887036743559,0.1750319117828741,0.29715150009533003,0.337505509455521
9,46,1.1973145948538177,0.03894959632337343,0.10609224450494913,15.157954574732111
9,47,0.7255754020930288,0.00641736529585457,0.0021083867587402666,0.5697205507881056
9,48,1.1414850715511973,1.0442248092242705,1.1949551860160634,1.5889055382044586
9,49,0.7890526386160193,0.02065719143526533,0.15461151305022647,5.958940327748491
9,50,5.2690333129943365,5.236029332006468,4.401842258192237,6.734638751094227
9,51,0.724264686560252,0.09950529847972721,0.09595883186316209,2.991645581720274
9,52,1.265473811442353,0.5635307831662859,1.4681468406989548,1.7379849052629999
9,53,0.057514845506551,0.7362222891584661,0.7081667612479547,0.11944991642900461
9,54,0.3373813883341677,0.06410615166121537,0.3183446244242907,0.22997564604839907
9,55,0.3500304942751259,1.0758001262746697,0.9801270663475306,1.4560553636910436
9,56,3.215991745543385,2.0794462844806842,3.299481433907812,1.4528503317313102
9,57,0.6466816740867602,0.41685827139713594,0.22026065715593124,0.0001486344852342751
9,58,0.25136534045575715,0.5843998333347602,0.6803862896639363,12.445615837842093
9,59,0.032135378444870695,0.2503841099525881,0.40029577826119284,5.103544096210769
9,60,0.026915345054943,0.001778909460307042,0.003999776845438601,0.27382757659699936
9,61,1.6605544007181785,0.8156638777400488,0.9316048038579191,0.24699149680988605
9,62,0.5385105296158553,0.8134009214532752,1.0667737355520157,0.22457041120406374
9,63,0.16109015439113136,0.6424232053346766,0.8120328851060895,1.8940605539289705
9,64,0.19008511295383815,0.08558174494524874,0.07178048793053403,4.226443330846961
9,65,2.5234857210807586,3.601165539410413,3.115223515148898,5.571957538961348
9,66,0.8267519516610317,0.1918252761465588,0.32905523589549857,0.003775245133133316
9,67,0.22897349529501387,0.023093737716545677,0.0704526710864582,1.3784941547372767
9,68,0.15839410182723415,0.0006523455047963565,0.04057226339118948,0.3709101973503351
9,69,0.23182353444411907,0.09107648575843962,0.14756612471669683,5.209638384721365e-05
9,70,0.14270727034052214,0.3358263631317958,0.4472570472553237,2.0437859965691776
9,71,0.4760311607890925,0.0070709603369336444,0.002320983149661926,1.0440793947361826
9,72,0.49118903369438566,0.008450425477935546,0.011292282633109801,0.0012237455766332108
9,73,0.5726557784787916,0.2591442480816275,0.004688294307059547,2.760074650034296
9,74,0.2095485720854464,0.023183400997433625,0.0011176272803858393,12.205439822994112
9,75,3.4084056762823907,1.1238058161409477,1.7815748166069931,0.07956641495342173
9,76,5.892949319453414,6.582295275570807,6.082421512691157,6.239069469410221
9,77,0.23317487788469093,1.7594309952233886,1.2840482819865107,2.5610740319563154
9,78,2.800673436712265,1.7853848699136794,1.9160172184625521,6.0947712839589165
9,79,0.30443403615369763,0.4755532467041205,0.19249830059258477,0.053888935722074136
9,80,1.064728984852702,1.5561467257529635,1.0002012726311458,0.6112576034301643
9,81,0.4486168645226804,0.11967976481068744,0.12501503035711056,0.013247636590745867
9,82,0.05802817265835022,0.38736391089345884,0.34707676809018845,2.129568895506032
9,83,0.012698876972585935,1.9205263491695106,1.0738625744542676,2.143875840127637
9,84,0.23045773663372182,0.38152571000522145,0.13742074544386873,1.3493627146116791
9,85,0.040915619388692696,0.011644412533715969,0.08948773771548302,0.4033737131406523
9,86,2.048430153152335,1.5663497227970073,1.190818096784315,1.794787156196764
9,87,0.32958097160339367,0.08883768729329004,0.003052554348476693,1.2743264193571153
9,88,0.9242102348136839,0.2819259129759605,0.2890794362055088,0.6641124418752711
9,89,1.1402244136452069,1.643334159263816,2.466491864650004,9.663520876959021
9,90,0.11464169652782051,0.016299339035606715,0.08112194902309214,2.209459202990836
9,91,1.0214621934362693,0.11351833826106522,0.1991172340841941,0.602313884608804
9,92,0.06518764156061546,0.0610414088873972,0.1187161418457328,2.8841708368650236
9,93,1.4933726865578405,3.068179114931733,2.5943612141450183,8.693318532844662
9,94,0.12904800726637872,1.074699155766264,0.46530100861343143,4.381206890344807
9,95,1.0608417238325571,0.9043492301114355,1.305104603231909,0.10072779100031425
9,96,2.976541164816003,1.139645384403329,1.2079443977411286,4.047036120261646
9,97,0.945690151390809,0.08132640976406433,0.3175228221481925,0.04457142902600722
9,98,0.007564926487886133,0.8130125143937138,0.40822661495182144,4.384282273452054
9,99,2.746709229744525,0.6468946627648142,1.7866657436466011,3.1720238977622746
